Timestamp,Якою мовою пишете для роботи зараз?,31 березня 2019 року відбудуться вибори Президента України. Це остаточний список кандидатів. За кого з них Ви проголосуєте? [Зеленський Володимир],31 березня 2019 року відбудуться вибори Президента України. Це остаточний список кандидатів. За кого з них Ви проголосуєте? [Тимошенко Юлiя],31 березня 2019 року відбудуться вибори Президента України. Це остаточний список кандидатів. За кого з них Ви проголосуєте? [Порошенко Петро],31 березня 2019 року відбудуться вибори Президента України. Це остаточний список кандидатів. За кого з них Ви проголосуєте? [Гриценко Анатолiй],31 березня 2019 року відбудуться вибори Президента України. Це остаточний список кандидатів. За кого з них Ви проголосуєте? [Бойко Юрiй],31 березня 2019 року відбудуться вибори Президента України. Це остаточний список кандидатів. За кого з них Ви проголосуєте? [Ляшко Олег],31 березня 2019 року відбудуться вибори Президента України. Це остаточний список кандидатів. За кого з них Ви проголосуєте? [Смешко Iгор],31 березня 2019 року відбудуться вибори Президента України. Це остаточний список кандидатів. За кого з них Ви проголосуєте? [Вiлкул Олександр],31 березня 2019 року відбудуться вибори Президента України. Це остаточний список кандидатів. За кого з них Ви проголосуєте? [Мураєв Євгенiй],31 березня 2019 року відбудуться вибори Президента України. Це остаточний список кандидатів. За кого з них Ви проголосуєте? [Кошулинський Руслан],31 березня 2019 року відбудуться вибори Президента України. Це остаточний список кандидатів. За кого з них Ви проголосуєте? [Шевченко Олександр],31 березня 2019 року відбудуться вибори Президента України. Це остаточний список кандидатів. За кого з них Ви проголосуєте? [Тарута Сергiй],31 березня 2019 року відбудуться вибори Президента України. Це остаточний список кандидатів. За кого з них Ви проголосуєте? [Наливайченко Валентин],31 березня 2019 року відбудуться вибори Президента України. Це остаточний список кандидатів. За кого з них Ви проголосуєте? [Богомолець Ольга],31 березня 2019 року відбудуться вибори Президента України. Це остаточний список кандидатів. За кого з них Ви проголосуєте? [Богословська Iнна],31 березня 2019 року відбудуться вибори Президента України. Це остаточний список кандидатів. За кого з них Ви проголосуєте? [Балашов Геннадiй],31 березня 2019 року відбудуться вибори Президента України. Це остаточний список кандидатів. За кого з них Ви проголосуєте? [Добродомов Дмитро],31 березня 2019 року відбудуться вибори Президента України. Це остаточний список кандидатів. За кого з них Ви проголосуєте? [Безсмертний Роман],31 березня 2019 року відбудуться вибори Президента України. Це остаточний список кандидатів. За кого з них Ви проголосуєте? [Шевченко Iгор],31 березня 2019 року відбудуться вибори Президента України. Це остаточний список кандидатів. За кого з них Ви проголосуєте? [Бондар Вiктор],31 березня 2019 року відбудуться вибори Президента України. Це остаточний список кандидатів. За кого з них Ви проголосуєте? [Каплiн Сергiй],31 березня 2019 року відбудуться вибори Президента України. Це остаточний список кандидатів. За кого з них Ви проголосуєте? [Новак Андрiй],31 березня 2019 року відбудуться вибори Президента України. Це остаточний список кандидатів. За кого з них Ви проголосуєте? [Скоцик Вiталiй]
3/12/2019 18:13:51,Python,-1,-1,+3,+2,-2,-1,+2,-2,-2,+2,,-2,,,-1,-1,,,,,-2,,+2
3/12/2019 18:15:18,Ruby,-1,-2,+1,+3,,,+2,,,,,,,,,,,,,,,,
3/12/2019 18:31:28,PHP,-2,-2,+3,+2,,-2,,-2,,,,,,,,,,,,,,,
3/12/2019 18:32:10,JavaScript,-2,-2,-2,+3,-2,-2,-2,-2,-2,-2,-2,-2,-2,-2,-2,-2,-2,-2,-2,-2,-2,-2,-2
3/12/2019 18:33:10,C++,0,-2,+2,+3,-2,-1,+1,-2,-2,-1,-2,+1,-2,0,-2,+2,-1,-1,-1,-2,-2,-1,-1
3/12/2019 18:33:56,C#,-2,-2,+3,-1,-2,-2,0,-2,-2,-2,0,-2,-1,-1,-1,-2,-2,-1,0,0,-1,0,0
3/12/2019 18:34:16,PHP,-2,-2,-2,-1,-2,-2,0,-2,-2,+1,-2,-2,+2,-2,-2,-1,-2,0,-2,-2,-2,-2,0
3/12/2019 18:34:37,C++,-1,-2,-2,-2,+3,-2,,+3,+3,-2,,-2,,,-2,0,,-2,,0,,,
3/12/2019 18:39:34,Go,+1,-2,-2,0,0,-2,+1,0,0,+3,0,0,-2,0,0,+1,0,0,0,0,0,0,0
3/12/2019 18:39:42,Lua,+1,-2,-2,-2,-2,-2,0,+3,+3,-2,-2,0,-2,-2,-2,-2,-1,-2,-2,-2,-2,-2,-2
3/12/2019 18:42:23,Kotlin,+1,-2,-2,-2,-2,-2,0,+3,+3,-2,-2,0,-2,-2,-2,-2,-2,-2,-2,-2,-2,-2,-2
3/12/2019 18:48:27,Go,+3,-2,-2,-2,-2,-2,-2,+1,+1,-2,-2,-2,-2,-2,-2,-2,-2,-2,-2,-2,-2,-2,-2
3/12/2019 18:48:27,Python,+1,+1,+2,-2,-2,+1,+1,-2,-2,-2,-2,-2,-2,-2,-2,-2,-2,-2,-2,,-2,-2,-2
3/12/2019 18:49:03,C#,+1,-2,+2,+1,-2,-2,-2,-2,-2,-2,-2,-2,-2,-2,-2,-2,-2,-2,-2,-2,-2,-2,-2
3/12/2019 18:50:39,Go,,,+2,,,,,,,,,,,,,,,,,,,,
3/12/2019 18:52:45,Python,+3,-2,-2,-2,-2,-2,+1,+2,+2,-2,-2,+3,-2,-2,-2,-2,-2,-2,-2,-2,-2,-2,-2
3/12/2019 18:54:31,Go,-1,-2,+2,,,,,,,,,,,,,,,,,,,,
3/12/2019 19:03:07,C#,-2,-2,+3,-2,-2,-2,,-2,-2,,,,,-2,-2,-2,,,,,,,
3/12/2019 19:04:26,Python,+1,-2,-2,-2,-2,-2,0,+3,+1,-2,-2,+1,-2,-2,-2,-2,-2,-2,-2,-2,-2,-2,-2
3/12/2019 19:05:39,JavaScript,-2,0,0,+1,-2,-2,+1,-2,-2,-2,-1,-1,0,-1,-2,0,-1,-1,-2,-1,-1,-1,-1
3/12/2019 19:06:29,Swift,-2,-2,+1,-1,-2,-2,,-2,-2,-1,-2,-2,-2,-2,-2,-2,-2,-2,-2,-2,-2,-2,-2
3/12/2019 19:08:27,PHP,+2,0,-1,+1,-2,-2,+2,0,-2,-2,-2,-2,-2,-2,-2,-2,-2,-2,-2,-2,-2,-2,-2
3/12/2019 19:08:47,Go,-1,-2,+2,0,-1,0,-1,-1,-1,+1,-1,-1,-1,-1,-1,-1,-1,-1,-1,-1,-1,-1,-1
3/12/2019 19:15:36,C++,-2,-1,+3,-1,-2,-2,-1,-2,-2,-2,-2,-2,-2,-2,-2,-2,-2,0,-2,-2,-2,-2,-2
3/12/2019 19:18:38,Java,-2,-2,+3,+2,-2,-2,+1,-2,-2,+1,-2,-1,0,-2,-2,-2,0,+1,-2,-2,-2,0,0
3/12/2019 19:18:39,C++,-2,-2,-2,+3,-2,-2,-2,-2,-2,-2,-2,-2,-2,-2,-2,-2,-2,-2,-2,-2,-2,-2,-2
3/12/2019 19:33:13,JavaScript,-2,-2,+3,-2,-2,-2,-2,-2,-2,0,-2,-2,-2,-2,-2,0,-2,-2,-2,-2,-2,-2,-2
3/12/2019 19:35:28,JavaScript,+1,-2,+2,+2,-2,-2,-1,-2,-2,+1,-1,-1,-1,-2,-2,-1,-2,0,,-1,-2,-2,-2
3/12/2019 19:39:26,JavaScript,,,+3,,,,,,,,,,,,,,,,,,,,
3/12/2019 19:39:39,Java,+3,,,,,,,,,,,,,,,,,,,,,,
3/12/2019 19:39:44,Scala,+3,-2,-2,+2,-2,-2,+2,-2,+2,-2,-2,-2,-2,-2,+2,-2,-2,+1,0,0,-2,-2,-2
3/12/2019 19:44:06,C#,-2,-2,+3,+1,-2,-2,,-2,,,,,-2,,,,,,,,,,
3/12/2019 19:52:28,Ruby,-1,-1,+1,+2,-2,-2,,-2,-2,-1,,-1,,-1,,,,,,,-2,,
3/12/2019 19:54:26,Ruby,-1,-2,+2,+2,-2,-2,0,-2,-2,0,0,-2,-1,-2,-2,-1,+1,-1,0,0,-2,0,0
3/12/2019 19:56:09,C++,+2,-2,-2,+2,-2,,,-2,,,,,,,,+3,,,,,,,
3/12/2019 20:02:07,C++,-2,-2,+3,+1,-2,-2,+2,-2,-2,+2,-2,0,0,-1,-2,-1,-1,-1,-2,-2,-2,-1,-2
3/12/2019 20:02:38,C,+2,-2,-1,-2,-2,-2,-2,-2,-2,-2,-2,-2,-2,-2,-2,-2,-2,-2,-2,-2,-2,-2,-2
3/12/2019 20:03:45,Pl/Sql,-2,-2,+3,-2,-2,-2,-2,-2,-2,-2,-2,-2,-2,-2,-2,-2,-2,-2,-2,-2,-2,-2,-2
3/12/2019 20:10:43,Python,+3,-2,-2,,,-2,,,,,,,,,,,,,,,,,
3/12/2019 20:08:54,Scala,-2,-2,-2,-2,-2,-2,-2,-2,-2,-2,-2,-2,-2,-2,-2,-2,-2,-2,-2,-2,-2,-2,-2
3/12/2019 20:09:45,Python,-2,-2,+3,-2,-2,-2,-2,-2,-2,-2,-2,-2,-2,-2,-2,-2,-2,-2,-2,-2,-2,-2,-2
3/12/2019 20:30:29,C++,-1,-2,+1,-2,-2,-2,,-2,,,,,,-2,,,,,,,,,
3/12/2019 20:32:50,Java,-2,-2,+2,+2,-2,-2,,-2,-2,,-2,,-2,-2,,-2,,,-2,,-2,,
3/12/2019 20:34:01,C#,+2,-2,-2,-2,-1,-2,-2,+2,+3,-2,-2,-2,-2,0,0,-2,-2,-2,-2,-2,-2,-2,-2
3/12/2019 20:34:24,JavaScript,+3,-2,-2,+3,-2,-2,-2,-2,-2,-2,,-2,-2,-2,-2,-2,-2,-2,-2,-2,-2,-2,-2
3/12/2019 20:34:46,PHP,-2,-2,+3,-2,-2,-2,0,-2,-2,-1,-2,-2,-2,-2,-2,-2,-2,0,-2,-2,-2,,-2
3/12/2019 20:38:00,C#,-2,-2,+3,-2,-2,-2,-2,-2,-2,-2,-2,-2,-2,-2,-2,-2,-2,-2,-2,-2,-2,-2,-2
3/12/2019 20:41:08,Ruby,-2,-1,+1,+1,,-2,+1,,,,+1,-2,,,,,,,,,,,
3/12/2019 20:41:28,C#,-2,-2,+1,+3,-2,-2,-1,-2,-2,0,0,+1,0,-1,-1,-1,0,+2,0,0,-2,-2,0
3/12/2019 20:42:13,PHP,+3,,,,,,,,,,,,,,,,,,,,,,
3/12/2019 20:44:35,C,-1,-2,0,+3,-2,-2,-2,-2,-2,-2,-2,-2,-2,-2,-2,+1,-2,-2,-2,-2,-2,-2,-2
3/12/2019 20:44:48,PHP,,,+3,,,,,,,,,,,,,,,,,,,,
3/12/2019 20:45:12,Java,-2,-1,+2,+2,-2,-1,0,-2,0,+3,0,0,0,+1,0,0,0,0,0,-2,0,0,0
3/12/2019 20:45:57,PHP,-2,-2,+2,-2,-2,-2,-2,-2,-2,-2,-2,-2,-2,-2,-2,+1,-2,-2,-2,-2,-2,-2,-2
3/12/2019 20:46:44,Python,-2,-2,+3,-2,-2,-2,-2,-2,-2,-2,-2,-2,-2,-2,-2,-2,-2,-2,-2,-2,-2,-2,-2
3/12/2019 20:46:52,C#,-2,-2,-2,-2,-2,-2,-2,-2,-2,0,-2,-2,-2,-2,-2,-2,-2,-2,-2,-2,-2,-1,-2
3/12/2019 20:52:16,Scala,-2,-2,+3,-2,-2,-2,-2,-2,-2,-2,-2,-2,-2,-2,-2,-2,-2,-2,-2,-2,-2,-2,-2
3/12/2019 20:53:53,Java,-2,-2,+3,-2,-2,-2,-2,-2,-2,-2,-2,-2,-2,-2,-2,-2,-2,-2,-2,-2,-2,-2,-2
3/12/2019 20:54:46,JavaScript,-2,-2,+3,0,0,-2,0,0,0,0,0,0,0,0,0,0,0,0,0,0,0,0,0
3/12/2019 20:55:52,JavaScript,+3,-2,-1,0,-2,-2,0,-2,,-2,-1,-1,,-1,-2,-1,-1,-1,-1,-1,-1,-1,0
3/12/2019 20:58:28,C++,+1,-2,+3,-1,+2,0,-1,-1,-1,-1,+1,-1,-1,-1,-1,-1,-1,-1,+1,-1,-1,-1,-1
3/12/2019 20:59:48,Kotlin,,,+3,,,,,,,,,,,,,,,,,,,,
3/12/2019 21:00:06,C#,-2,-2,0,-2,-2,-2,-2,-2,-2,-2,-2,-2,-2,-2,-2,-2,-2,-2,-2,-2,-2,-2,-2
3/12/2019 21:02:38,Go,,-2,+3,,-2,-2,,-2,-2,,,,,,,-2,,,,,,,
3/12/2019 21:00:59,C++,0,-2,+2,-1,-1,-1,-1,-1,-1,-1,-1,-1,-1,-1,-1,-1,-1,-1,-1,-1,-1,-1,-1
3/12/2019 21:02:43,Python,-2,-1,+3,0,-2,-2,,,,+1,-1,,,-1,,,-1,0,,0,,,
3/12/2019 21:07:02,Go,-2,-2,+3,-2,-2,-2,-1,-2,-2,-2,-2,-2,-2,-2,-2,-2,-2,-2,-2,-2,-2,-2,-2
3/12/2019 21:07:20,Java,-1,-2,-2,-2,-1,-2,-2,+3,+3,-2,-2,-2,-2,-2,-2,-1,-2,-2,-2,-2,-2,-2,-2
3/12/2019 21:07:56,C#,-2,-2,+3,-1,-2,-1,,-2,,,,,,-2,-2,-2,,,,,,,
3/12/2019 21:08:41,C#,0,-1,+2,+1,-2,-2,-2,-2,-2,-2,-2,-2,-2,-2,-2,-2,-2,-2,-2,-2,-2,-2,-2
3/12/2019 21:10:23,PowerShell,-1,+3,-2,-2,-2,-2,-2,-2,-2,+2,-2,-2,-2,0,-2,-2,-1,-2,-2,-2,-2,-2,-2
3/12/2019 21:11:11,PHP,+1,-2,-2,+3,-2,-2,+2,-2,-2,+1,-2,-1,0,-1,-1,-1,-2,+1,-1,,-2,-2,-2
3/12/2019 21:12:41,JavaScript,0,-2,+3,-1,-2,-2,0,-2,-2,0,-2,-2,-1,-1,-2,+1,-2,0,-2,0,-2,-2,-2
3/12/2019 21:14:22,Python,+3,-1,-2,0,-2,-2,+1,+1,+1,-2,-2,0,0,0,0,-2,0,0,-2,0,0,0,+1
3/12/2019 21:14:44,C#,-1,-2,-1,+3,-2,-2,0,-2,0,0,0,-1,+1,0,0,-1,,0,0,0,0,0,0
3/12/2019 21:18:38,Java,+1,-2,-2,+3,-2,-2,-2,-2,-2,0,-2,-2,-2,-2,-2,-2,-2,-2,-2,-2,-2,-2,-2
3/12/2019 21:24:10,Kotlin,-2,-2,+3,0,,-2,,-2,-2,-2,,,,+2,,-2,,,,,,,
3/12/2019 21:25:41,PHP,+2,-1,-2,-1,+2,-1,0,+3,+2,-2,0,+1,-1,0,0,+1,0,0,0,0,0,0,0
3/12/2019 21:26:52,JavaScript,+3,-1,-2,0,-1,+1,0,-2,0,0,0,-2,0,0,-1,0,0,0,0,0,0,0,0
3/12/2019 21:28:57,C#,+2,-2,-1,0,-2,-2,+3,-2,-2,0,0,0,0,-1,0,0,0,0,0,0,0,0,0
3/13/2019 14:36:04,Python,-2,-2,+3,-1,-2,-2,-1,-2,-2,0,-2,-2,-2,-2,-2,-2,-2,-1,-2,-2,-2,-2,-2
3/12/2019 21:29:41,C++,-2,-2,-2,+3,-2,-2,-2,-2,-2,-2,-2,-2,-2,-2,-2,-2,-2,-2,-2,-2,-2,-2,-2
3/12/2019 21:30:58,Swift,+2,+1,+1,+2,-2,-2,+1,-2,-2,-2,-2,-2,-2,-2,-2,-2,-2,-2,-2,-2,-2,-2,-2
3/12/2019 21:31:47,JavaScript,-1,-2,+2,+1,-2,-2,+1,-2,-2,-1,0,-1,0,-1,0,-2,0,+1,0,0,-2,0,0
3/12/2019 21:33:16,PL/SQL,+3,0,-2,0,+1,-1,0,+1,+1,0,0,+1,0,0,0,0,0,0,-1,0,0,0,0
3/12/2019 21:34:45,Python,,,+3,,,,,,,,,,,,,,,,,,,,
3/12/2019 21:39:59,C++,-2,-2,+3,-2,-2,-2,+2,-2,-2,-2,-2,-2,-2,-2,-2,-2,-2,-2,-2,-2,-2,-2,-2
3/12/2019 21:43:55,JavaScript,-1,-2,-1,+2,0,-2,0,-2,-2,0,0,-1,0,-2,-2,0,0,0,0,0,0,0,0
3/12/2019 21:44:50,Java,+3,-2,-2,-2,-2,-2,-2,-2,-2,-2,-2,-2,-2,-2,-2,-2,-2,-2,-2,-2,-2,-2,-2
3/12/2019 21:45:18,Python,-1,-2,+3,-2,-2,-2,-2,-2,-2,-2,-2,-2,-2,-2,-1,,-2,-2,-2,-2,-2,-2,-2
3/12/2019 21:45:34,Swift,,,,,,,,,,,,,,,,,,,,,,,
3/12/2019 21:45:50,C#,-2,-2,+3,0,-2,-2,-2,-2,-2,0,-2,-1,-1,-2,-2,-2,-2,-2,-2,-2,-2,-2,-2
3/12/2019 21:51:38,C#,-2,-2,+3,-2,-2,-2,-2,-2,-2,-2,-2,-2,-2,-2,-2,-2,-2,-2,-2,-2,-2,-2,-2
3/12/2019 21:54:19,PHP,0,-2,+2,+2,,,,,-2,,,,,,,,,,,,,,
3/12/2019 21:55:30,C++,+3,0,-2,+1,-2,-2,+3,-1,-2,-1,-1,-1,-1,-1,-1,-1,-1,-1,-1,-1,-1,-1,-1
3/12/2019 21:55:32,Java,,,+3,,,,,,,,,,,,,,,,,,,,
3/12/2019 21:55:43,Java,-2,-2,+3,-2,-2,-2,-2,-2,-2,+3,-2,-2,-2,-2,-2,-2,-2,-2,-2,-2,-2,-2,-2
3/12/2019 21:55:48,C#,-2,-2,+3,0,-2,-2,-2,-2,-2,+2,-2,-2,-2,-2,-2,-2,-2,0,-2,-2,-2,-2,-2
3/12/2019 21:58:03,Python,-2,-2,+3,+1,-2,-2,+1,-2,-2,+2,-1,-2,-1,-1,-2,0,-1,+1,-1,0,-2,0,0
3/12/2019 21:59:00,Java,-1,-2,0,-1,-2,-2,-1,-2,-2,+2,-1,-2,-1,-2,-2,-2,0,-1,-1,-1,-2,-1,-1
3/12/2019 21:59:21,JavaScript,,,+3,,,,+1,,,,,,,,,,,,,,,,
3/12/2019 22:00:35,Swift,-2,-2,-2,+3,-2,-2,+2,-2,-2,+2,-2,-2,0,-2,-2,-2,-2,0,-2,-2,-2,-2,-2
3/12/2019 22:01:30,C,-2,-2,+3,,-2,-2,,-2,-2,+1,,-2,,0,-2,,,,-1,,,,
3/12/2019 22:01:47,C,+1,-2,-2,+1,-1,-2,-2,-2,+1,,-2,-2,-2,-2,-2,-1,-2,-2,-2,-2,-2,-2,-2
3/12/2019 22:02:17,C#,0,0,+2,-1,0,-2,0,0,0,-2,0,0,0,0,-2,-2,0,0,0,0,0,0,0
3/12/2019 22:02:34,PHP,+2,,-2,,+1,-2,,+3,+3,-2,,+2,-2,,+1,0,,,,,-2,,
3/12/2019 22:03:41,C#,,,+3,,,,,,,,,,,,,,,,,,,,
3/12/2019 22:03:43,PHP,-1,-2,+2,,,-1,+2,-1,,+2,,-1,,,,-1,,,,,,,
3/12/2019 22:04:28,JavaScript,+2,-2,+2,+1,-2,-2,-1,0,-2,-2,-2,-2,-2,-2,-2,-2,-2,-2,-2,-2,-2,-2,-2
3/12/2019 22:07:01,Java,-2,-2,+3,+2,-1,+1,0,-2,-2,+2,0,-2,0,-1,-1,+3,0,0,-2,0,0,0,0
3/12/2019 22:07:48,Python,+3,-2,+1,-2,-2,-2,-2,-2,-2,-2,-2,-2,-2,-2,-2,-2,-2,-2,-2,-2,-2,-2,-2
3/12/2019 22:10:27,C#,+1,-2,+1,,-2,,,,,,,,,,,,,,,,,,
3/12/2019 22:11:03,JavaScript,+2,-2,+1,+3,-2,-2,0,-2,-1,-1,-1,-2,-1,-1,-1,-1,-1,-1,-1,-1,-2,-1,-1
3/12/2019 22:15:35,JavaScript,-2,-2,+3,-2,-2,-2,-2,-2,-2,-2,-2,-2,-2,-2,-2,-2,-2,-2,-2,-2,-2,-2,-2
3/12/2019 22:17:18,TypeScript,,,,,,,,,,,,,,,,,,,,,,,
3/12/2019 22:18:00,C#,+3,+2,+1,,,,,,,,,,,,,,,,,,,,
3/12/2019 22:18:41,Python,+1,-2,+3,-2,-2,-2,-2,-2,-2,-2,-2,-2,-2,-2,-2,-2,-2,-2,-2,-2,-2,-2,-2
3/12/2019 22:22:12,Python,-2,-1,+3,+1,-1,-1,-1,-2,-2,+1,0,-2,-1,-1,-2,-1,-1,-1,0,-1,-1,-1,-1
3/12/2019 22:24:38,PHP,-2,-2,+3,-2,-2,-2,0,-2,-2,0,-2,-2,,-2,-2,-2,,0,-2,,,,
3/12/2019 22:25:22,PHP,-1,-2,+1,+1,-2,-2,+1,-2,-2,-2,-2,-2,-2,-2,-2,-2,-2,-2,-2,-2,-2,-2,-2
3/12/2019 22:25:50,Java,-2,-2,+3,+2,-2,-2,-1,-2,-2,+1,-1,-2,-1,-1,-2,-1,-1,-1,-1,-1,-2,-1,-1
3/12/2019 22:29:12,Скреич,,,-1,,,,,,,,,,,,,,,,,,,,
3/12/2019 22:29:32,Java,,,+3,,,,,,,,,,,,,,,,,,,,
3/12/2019 22:30:05,C#,-2,-2,+3,-2,-2,-2,-2,-2,-2,0,-2,-2,-2,-2,-2,-2,-2,0,-2,-2,-2,-2,-2
3/12/2019 22:33:14,C++,-2,-2,+2,+1,-2,-2,-1,-2,-1,-1,-1,-1,-2,-1,-2,-1,-1,-1,-1,-1,-2,-1,-1
3/12/2019 22:34:53,Python,+3,-1,-1,-2,-2,-2,-2,-2,-2,-2,-2,-2,-2,-2,-2,-2,-2,-2,-2,-2,-2,-2,-2
3/12/2019 22:40:19,PHP,0,-2,-2,0,-2,-2,-2,-2,-2,-2,-1,-2,-2,-2,-2,-2,-2,-2,-2,-2,-2,-2,-2
3/12/2019 22:41:40,C++,,-2,-2,-2,+3,,,+3,+3,-2,,,,-2,-2,+1,,-2,,,,,
3/12/2019 22:42:07,C#,,,-2,,,,,,,,,,,,,,,,,,,,
3/12/2019 22:43:51,Groovy,-2,-2,-2,+3,-2,-2,-1,-2,-1,-1,-1,-1,-1,-1,-1,-1,-1,-1,-1,-1,-1,-1,-1
3/12/2019 22:44:36,PHP,-2,-2,+3,+2,-2,+1,0,0,-2,0,0,0,0,0,0,0,0,0,0,0,0,0,0
3/12/2019 22:44:55,Python,-2,-2,+3,-1,-2,-2,-2,-2,-2,-1,-2,-2,-2,-2,-2,-2,-2,-2,-2,-2,-2,-2,-2
3/12/2019 22:45:04,TypeScript,-2,-2,+3,-2,-2,-2,,-2,-2,+1,-2,-2,,,,-1,,,-1,,-1,,
3/12/2019 22:45:10,JavaScript,0,-2,-1,+3,-1,-2,+1,+1,0,0,+1,0,0,0,0,0,0,0,0,0,-2,0,0
3/12/2019 22:46:01,JavaScript,-2,-2,-2,+3,-2,-2,0,+1,-2,+1,0,0,+1,0,0,+2,0,0,0,0,0,0,0
3/12/2019 22:51:24,Python,+1,-2,-2,+1,-2,-2,+2,-2,-2,-2,-1,-2,-2,-2,-2,-2,-2,-2,-2,-2,-2,-2,-2
3/12/2019 22:47:48,C#,+3,-1,-2,+1,-2,-2,0,-1,-2,-2,-1,-1,-2,-2,-2,0,-2,-2,-2,-2,-2,-2,-2
3/12/2019 22:47:48,TypeScript,-1,-2,,-1,-2,-1,0,-2,-2,0,0,-1,-1,0,-1,0,0,0,0,0,0,0,0
3/12/2019 22:47:51,Python,-2,-2,-2,+3,-2,-2,-2,-2,-2,-2,-2,-2,-2,-1,-2,-1,-2,-2,-2,-2,-2,-2,-2
3/12/2019 22:48:51,C++,-2,-2,+3,+2,-2,-2,-1,-2,-2,+1,-2,-2,-2,-2,-2,-2,-2,-2,-2,-2,-2,-2,-2
3/12/2019 22:48:55,Java,+2,-2,-2,-2,-2,-2,-2,-2,-2,-2,-2,-2,-2,-2,-2,-2,-2,-2,-2,-2,-2,-2,-2
3/12/2019 22:49:57,Python,-2,-2,+3,-2,-2,-2,0,-2,-2,-2,-2,-2,-2,-2,-2,-2,-2,-2,-2,-2,-2,-2,-2
3/12/2019 22:50:34,Python,,,+2,+3,,,+1,,,,,,,,,,,,,,,,
3/12/2019 22:50:47,C#,0,-2,+2,-1,-1,-2,-1,-2,-1,-1,-1,-1,-1,-1,-1,-1,-1,-1,-1,-1,-1,-1,-1
3/12/2019 22:51:27,Kotlin,+2,-2,+1,,-2,+1,-2,,,,,,,,,,,,,,,,
3/12/2019 22:54:48,PHP,+3,-2,0,0,-2,-1,+3,-2,-2,+1,0,0,0,+1,-1,-1,-1,0,+1,-1,-1,-1,0
3/12/2019 22:56:14,C#,-1,-2,-2,+3,-2,-2,0,-2,-2,-1,-1,-2,-1,-1,-2,-1,-1,-1,-1,,-2,-1,-1
3/12/2019 22:56:21,C#,-2,-2,+3,-2,-2,-2,-2,-2,-2,+1,-2,-2,-2,-2,-2,-2,-2,-2,-2,-2,-2,-2,-2
3/12/2019 22:57:47,1с,,,0,,,,,,,,,,,,,-2,,,,,,,
3/12/2019 22:57:49,C#,-2,-2,+3,-2,-2,-2,0,-2,-2,0,0,-1,0,-2,-1,-2,0,+1,0,0,-1,0,0
3/12/2019 22:58:50,Java,-2,-2,+3,-1,-2,-2,-1,-2,-2,+1,-2,-2,-2,-2,-2,-2,,-2,-2,-2,-2,-2,-2
3/12/2019 23:00:55,Ruby,-2,-2,+3,-2,-2,-2,-2,-2,-2,-2,-2,-2,-2,-2,-2,-2,-2,-2,-2,-2,-2,-2,-2
3/12/2019 23:03:10,C#,,,+3,,,,,,,,,,,,,,,,,,,,
3/12/2019 23:04:15,Swift,-2,-2,+1,0,,-2,+3,,,,,,,,,,,,,,,,
3/12/2019 23:05:23,PHP,+3,-2,+1,,,-1,+2,,,,,,,,,,,,,,,,
3/12/2019 23:07:00,TypeScript,-2,-2,+3,-2,-2,-2,-2,-2,-2,-2,-2,-2,-2,-2,-2,-2,-2,-2,-2,-2,-2,-2,-2
3/12/2019 23:09:57,T-SQL ,-1,-2,+2,,,,,,,,-1,,-1,-2,,,,,,,,,
3/12/2019 23:10:20,C#,+3,,,,,,,,,,,,,,,,,,,,,,
3/12/2019 23:11:25,Java,-2,-2,-2,-2,-2,-2,-2,-2,-2,-2,-2,-2,-2,-2,-2,-2,-2,-2,-2,-2,-2,-2,-2
3/12/2019 23:12:06,C++,+2,-2,-2,-2,-2,-2,-2,-2,-2,+3,-2,-2,-2,-2,-2,-2,-2,-2,-2,-2,-2,-2,-2
3/12/2019 23:12:35,JavaScript,+2,-2,+3,+1,0,-2,0,0,0,0,0,0,0,0,0,0,0,0,0,0,0,0,0
3/12/2019 23:19:53,C++,-2,-2,+2,-1,-2,-2,-2,-2,-2,+1,-2,-2,-2,-2,-1,-2,-2,0,-1,-2,-2,-2,-2
3/12/2019 23:21:08,TypeScript,+1,-2,-2,-2,-2,-2,-2,-2,-2,-2,-2,-2,-2,-2,-2,+2,-2,-2,-2,-2,-2,-2,-2
3/12/2019 23:20:50,Java,+3,,,,,,,,,,,,,,,,,,,,,,
3/12/2019 23:25:46,Go,-2,-2,+2,+1,-2,-1,-1,-2,-2,+3,-2,-1,0,-2,-2,-2,-2,0,-2,-2,-2,-2,-2
3/12/2019 23:25:57,Java,+2,+1,-2,+3,,,,,,,,,,,,,,,,,,,
3/12/2019 23:29:21,JavaScript,,,,,,,,,,,,,,,,,,,,,,,
3/12/2019 23:32:48,Python,-2,-2,0,0,-2,-2,-2,-2,-2,-2,-2,-2,-2,-2,-2,-2,-2,-2,-2,-2,-2,-2,-2
3/12/2019 23:34:32,C,0,-1,-1,0,-2,-2,-2,-2,-2,0,-2,-2,-2,-2,-2,-1,-2,-2,-2,-2,-2,-2,-2
3/12/2019 23:33:09,Scala,-2,-2,+3,+1,-2,-2,,-2,-2,+1,,,,,,+1,,,,,,,
3/12/2019 23:35:35,Python,-2,-2,+3,,-2,,,-2,-2,,,,,-2,-2,,,,,,,,
3/12/2019 23:36:16,Go,+2,0,-2,,,,,,,,,,,,,,,,,,,,
3/12/2019 23:38:10,PHP,+3,,,,,,,,,,,,,,,,,,,,,,
3/12/2019 23:38:55,PHP,-2,-2,+3,-2,-2,-2,-2,-2,-2,-2,-2,-2,-2,-2,-2,-2,-2,-2,-2,-2,-2,-2,-2
3/12/2019 23:39:24,C#,+3,-1,,+1,-2,-2,+2,-2,-2,-1,0,-2,,-2,,,,,,,-2,,
3/12/2019 23:39:05,C#,-1,-2,-2,,,,,,+2,,,,,,,,,,0,,,,
3/12/2019 23:43:38,JavaScript,-1,-2,+3,+2,-2,-2,+2,-2,-2,0,-1,-2,+2,-2,-1,0,0,+1,-2,-1,-2,0,0
3/12/2019 23:46:50,Python,0,-2,0,+1,-2,-2,-2,-2,-2,0,-2,-2,-2,-2,-2,-2,-2,-2,-2,-2,-2,-2,-2
3/12/2019 23:50:38,Python,+2,-2,-2,0,-1,-2,-2,+1,-2,-2,-2,-2,-2,-2,-2,-2,-2,-2,-2,-2,-2,-2,-2
3/12/2019 23:53:37,C++,+2,-2,-2,+3,-2,-2,+2,-2,-2,0,0,-2,0,-2,0,0,0,+1,0,0,0,0,0
3/12/2019 23:54:48,C++,0,-2,+1,-2,-2,0,-2,+1,-2,+3,+1,-1,-2,-2,-2,0,-2,-2,,-2,0,-2,-2
3/12/2019 23:58:58,Kotlin,-2,-2,-2,+3,-2,-2,0,-2,-2,-2,-2,-2,-2,-2,-2,-2,-2,-2,-2,-2,-2,-2,-2
3/12/2019 23:59:21,Ruby,-2,-2,+1,+3,-2,-2,-2,-2,-2,-2,-2,+2,-1,-2,-2,+2,-2,+1,-2,-2,-2,-2,-2
3/12/2019 23:59:21,Ruby,,-2,0,,,-2,-2,-2,,0,-2,-2,,,-2,,,,,,-2,-2,
3/13/2019 0:01:04,JavaScript,-1,-2,+3,,,-1,,,,+2,,,,+1,,,,,0,,,,
3/13/2019 0:02:35,Kotlin,+2,,-1,+3,-1,,+1,-1,,,,,,,,,,,,,,,
3/13/2019 0:06:53,C#,,,+3,,,,,,,,,,,,,,,,,,,,
3/13/2019 0:07:55,C#,,,+3,,,,,,,,,,,,,-2,,,,,,,
3/13/2019 0:09:41,Python,0,0,-1,0,,-1,,,,,,,,,,,,,,,,,
3/13/2019 0:12:10,Python,,,0,,,,,,,,,,,,,,,,,,,,
3/13/2019 0:13:48,C++,+3,-2,-2,0,,-1,,,,,,,,,,,,,,,,,
3/13/2019 0:16:31,C++,,,,+3,-2,,,,,,,,,,,,,,,,,,
3/13/2019 0:17:13,Go,-2,-2,+3,-2,-2,-2,-2,-2,-2,+2,-2,-2,-2,-2,-2,+2,-2,-2,-2,-2,-2,-2,-2
3/13/2019 0:17:23,C++,-1,-2,-2,+3,-2,-2,0,-2,-2,-1,0,-2,0,-2,0,0,0,0,0,0,0,0,0
3/13/2019 0:17:31,JavaScript,-2,-2,+3,0,-2,-2,-1,-2,-2,0,-2,-2,-1,-2,-2,-1,-2,+1,-2,-2,-2,-2,-2
3/13/2019 0:18:57,JavaScript,-1,0,+3,+1,-2,-2,-2,-2,-2,0,-2,-1,-2,-2,-2,-2,-2,+1,-2,-2,-2,-2,-2
3/13/2019 0:19:18,C#,+3,,,,,,,,,,,,,,,,,,,,,,
3/13/2019 0:23:05,JavaScript,-2,-2,+3,0,-2,-2,+1,-2,,+1,-2,,,,,,,0,0,,,,
3/13/2019 0:23:57,Swift,0,-2,+3,+2,-2,-2,,-2,-2,-2,,-2,,-1,-2,-2,,,,,-2,,
3/13/2019 0:26:14,Kotlin,+1,-2,-2,-2,+2,-2,0,+3,+3,-2,-2,-2,-2,-2,-2,-2,-2,-2,-1,-2,-2,-2,-2
3/13/2019 0:29:12,Java,0,-2,-1,+1,,-2,,,,,,,,,,,,,,,,,
3/13/2019 0:29:58,C#,+3,0,+1,0,+2,-2,-2,0,+1,-2,-2,+1,0,+1,+1,-2,-2,0,-2,-2,-2,-2,-2
3/13/2019 0:30:21,Swift,+2,-2,+2,+2,-2,-2,-2,-2,-2,0,-2,-2,-2,-2,-2,-2,-2,-2,-2,-2,-2,-2,-2
3/13/2019 0:31:09,PHP,+1,-2,-1,,,-2,,,,,-2,,,,,,,,-2,,,,
3/13/2019 0:31:16,PHP,-2,-2,+1,0,-2,+1,0,-1,-2,+3,-1,+1,0,+2,+1,,0,0,0,0,0,0,0
3/13/2019 0:32:19,Scala,-2,-2,+3,+2,-2,-2,-2,-2,-2,-2,-2,-2,-2,-2,-2,-2,-2,-2,-2,-2,-2,-2,-2
3/13/2019 0:39:24,Python,0,-2,+3,+1,-2,-2,-2,-2,-2,-2,-2,0,-2,-2,-2,-2,-2,-2,-2,-2,-2,-2,-2
3/13/2019 0:41:34,JavaScript,-1,-2,+3,,,,,,,,,,,,,,,,,,,,
3/13/2019 0:43:11,Python,+3,-2,-2,-2,-2,-2,+1,-2,-2,-2,-2,-2,-2,-2,-2,-2,-2,-2,-2,-2,-2,-2,-2
3/13/2019 0:47:28,Python,-1,-2,+3,,-2,-2,-2,-1,,,,-2,-1,-2,-2,-2,,,,,,,
3/13/2019 0:45:34,Python,-2,-2,+3,+2,-2,-2,-2,-2,-2,+1,-2,-2,-2,-2,-2,-2,-2,-2,-2,-2,-2,-2,-2
3/13/2019 0:50:07,JavaScript,+3,,,,,,,,,,,,,,,,,,,,,,
3/13/2019 0:55:26,JavaScript,,,,-2,,,,,,,,,,,,,,,,,,,
3/13/2019 0:56:31,JavaScript,,,-2,,,,,,,,,,,,,,,,,,,,
3/13/2019 1:09:31,JavaScript,,,+3,,,,,,,,,,,,,,,,,,,,
3/13/2019 1:18:31,Java,+1,-2,-1,-2,-2,-2,-2,-2,-2,-2,-2,-2,-2,-2,0,0,-2,-2,-2,-2,-2,0,-2
3/13/2019 1:28:40,Python,-1,0,+1,+3,-2,-2,-2,-2,-2,-2,-2,-2,-2,-2,-2,-2,-2,-2,-2,-2,-2,-2,-2
3/13/2019 1:35:09,JavaScript,+2,-1,-1,-1,-1,-2,-1,0,-1,-1,-2,-1,0,0,-2,0,0,-1,-1,-1,-1,-1,0
3/13/2019 1:33:29,JavaScript,+3,-2,,,-2,-2,,,,-2,,,,,,,,,,,,,
3/13/2019 1:38:59,JavaScript,,-2,+3,+1,-2,-2,-2,-2,-2,-2,-2,-2,-2,-2,-2,-2,-2,-2,-2,-2,-2,-2,-2
3/13/2019 1:47:40,JavaScript,-2,-2,+3,+1,-2,-2,0,-2,0,0,0,0,-1,0,-1,-1,0,+1,0,0,0,0,0
3/13/2019 1:47:58,C#,,,,,,,+3,,,,,,,,,,,,,,,,
3/13/2019 1:48:25,C++,+3,-2,-2,-2,-2,-2,-2,-2,-2,-2,-2,-2,-2,-2,-2,-2,-2,-2,-2,-2,-2,-2,-2
3/13/2019 1:53:32,Python,,,,,,,,,,,,,,,,,,,,,,,
3/13/2019 1:59:44,JavaScript,,,,,,,,0,,,,-2,,,,,,,,,,,
3/13/2019 2:14:34,C++,+3,,,,,,,,,,,,,,,,,,,,,,
3/13/2019 2:29:10,Swift,+3,-2,-2,-1,-1,-1,-1,-1,-2,0,-1,-1,-1,-1,-1,-1,-1,-1,-1,-1,-1,-1,-1
3/13/2019 2:47:07,C++,,,+3,,,,,,,,,,,,,,,,,,,,
3/13/2019 3:05:30,Python,-2,-2,+1,-2,-2,-2,-2,-2,-2,0,-2,-2,-2,-2,-2,-2,-2,-2,-2,-2,-2,-2,-2
3/13/2019 3:17:27,Lua,+3,-2,-2,+2,-2,-2,+2,-2,-2,-2,-2,-2,-2,-2,-2,+3,-2,-2,-2,-2,-2,-2,-2
3/13/2019 3:26:27,C#,,,,+3,,,,,,,,,,,,,,,,,,,
3/13/2019 3:31:13,Python,-2,-2,+3,+1,-2,-2,-1,-2,-2,-2,0,-2,-2,0,-2,+2,-2,-2,-2,-2,-2,-2,-2
3/13/2019 3:45:50,JavaScript,-2,-2,+3,,,,,,,,,,,,,+2,,,,,,,
3/13/2019 3:43:52,JavaScript,-2,-2,,,-2,-2,,-2,-2,+3,,-2,,,-2,-2,,,,,-2,,
3/13/2019 4:40:49,Python,,+3,,,,,,,,,,,,,,,,,,,,,
3/13/2019 4:50:01,PHP,,,+3,,,,,,,,,,,,,,,,,,,,
3/13/2019 5:31:50,PHP,-2,-2,+2,+3,-2,-2,,-2,,0,,,,0,-2,-2,,-2,,,,,
3/13/2019 6:20:42,C++,,,,+2,,,,,,,,,,,,,,,,,,,
3/13/2019 6:31:09,Python,+3,-2,-2,+2,-2,-2,-2,-2,-2,-2,-2,+2,-2,-2,,-2,-2,-2,-2,,-2,-2,-2
3/13/2019 6:47:16,C++,+1,0,0,0,0,0,0,0,0,0,0,0,0,0,0,0,0,0,0,0,0,0,0
3/13/2019 6:49:41,Ruby,,,+3,,,,,,,,,,,,,,,,,,,,
3/13/2019 7:03:16,C#,-2,-2,+2,+3,-2,-2,-2,-2,-2,-2,-2,-2,-2,-2,-2,-2,-2,-2,-2,-2,-2,-2,-2
3/13/2019 7:07:15,Scala,-2,-2,+3,,,-2,-2,-2,-2,-2,-2,-2,-2,+1,0,+2,-2,-2,-2,,-2,,-2
3/13/2019 7:20:28,C#,-2,-2,+3,0,-2,-2,-2,-2,-2,-2,-2,-1,-2,-2,-2,-2,-2,-2,-2,-2,-2,-2,-2
3/13/2019 7:18:21,Python,-1,-2,+2,+1,0,+1,-2,0,0,0,0,0,0,0,0,0,0,0,0,,0,0,0
3/13/2019 7:20:31,JavaScript,+3,,,,,,,,,,,,,,,,,,,,,,
3/13/2019 7:31:59,Java,-2,-2,-2,+3,-2,-2,-2,-2,-2,-2,-2,-2,-2,-2,-2,+1,-2,-2,-2,-2,-2,-2,-2
3/13/2019 7:38:58,C++,,,+3,,,,,,,,,,,,,,,,,,,,
3/13/2019 7:42:59,Java,,,+3,,,,,,,,,,,,,,,,,,,,
3/13/2019 7:43:19,Java,0,0,+3,0,-2,-2,-2,-2,-2,0,0,-2,-2,-2,-2,-2,-2,0,-2,-2,-2,-2,-2
3/13/2019 7:44:37,C#,-2,-2,+3,-2,,,,,,,,,,,,,,,,,,,
3/13/2019 7:47:24,C++,-2,-2,+3,-2,-2,-2,-2,-2,-2,-2,-2,-2,-2,-2,-2,-2,-2,-2,-2,-2,-2,-2,-2
3/13/2019 7:47:34,Java,-1,-1,-1,-1,-1,-1,-1,-1,-1,-1,-1,-1,-1,-1,-1,-1,-1,-1,-1,-1,-1,-1,-1
3/13/2019 7:47:36,C#,,,+3,,,,,,,,,,,,,,,,,,,,
3/13/2019 7:52:11,By,,,+3,,,,,,,,,,,,,,,,,,,,
3/13/2019 7:52:32,PL/SQL,-2,-2,+3,-2,-2,-2,-2,-2,-2,-2,-2,-2,-2,-2,-2,-2,-2,-2,-2,-2,-2,-2,-2
3/13/2019 7:53:09,JavaScript,+2,+2,-2,-2,+2,-1,-1,+2,-1,-1,-1,-1,-1,-1,-1,0,-1,-1,-1,-1,-1,-1,-1
3/13/2019 7:54:32,C++,+1,+1,-1,-1,-1,-1,-1,-1,-1,-1,0,-1,-1,-1,-1,-1,-1,-1,-1,-1,-1,-1,-1
3/13/2019 7:55:26,Python,+3,+1,-2,+2,-2,+1,-2,-2,-2,+1,-2,-2,-2,-2,-2,-2,-2,-2,-2,-2,-2,-2,-2
3/13/2019 7:56:22,Java,+3,,,,,,,,,,,,,,,,,,,,,,
3/13/2019 7:56:30,C#,-2,-2,+3,-2,-2,-2,-2,-2,-2,-2,-2,-2,-2,-2,-2,-2,-2,-2,-2,-2,-2,-2,-2
3/13/2019 7:56:31,Python,,,+3,,,,,,,,,,,,,,,,,,,,
3/13/2019 7:58:22,C#,+3,+1,-2,+2,-2,-2,+2,-2,-2,,,,,,,,,,,,,,
3/13/2019 7:58:40,Scratch,-2,-2,+1,-1,,-2,,,,0,,,,,,,,,,,,,
3/13/2019 7:59:28,Kotlin,+3,-2,-2,0,-2,-2,,-2,-2,,,0,,,,,,,,,-2,,
3/13/2019 7:59:38,C#,-2,-2,+3,-2,-2,-2,-2,-2,-2,-1,-2,-2,-2,-2,-2,-2,-2,-2,-2,-2,-2,-2,-2
3/13/2019 8:01:53,JavaScript,+1,-2,+2,-2,-2,-2,-2,-2,-2,+1,-2,-2,-2,-2,-2,-2,-2,-2,-2,-2,-2,-2,-2
3/13/2019 8:03:25,Python,-2,-2,+3,-2,,-2,,-2,-2,,,-2,-2,-2,-2,,,,,,,,
3/13/2019 8:03:53,PHP,+3,-2,-2,+1,-1,-2,0,+1,0,+1,+1,-1,0,0,0,0,0,0,0,0,0,0,0
3/13/2019 8:05:07,C#,+2,-2,-2,+1,-2,-2,+2,-2,-2,0,-1,0,,-2,-2,-2,-2,0,-1,0,0,0,0
3/13/2019 8:06:11,JavaScript,-2,-2,+3,,,,,,,,,,,,,,,,,,,,
3/13/2019 8:07:05,Ruby,+1,-2,+1,+2,-2,-2,-2,-2,-2,-2,+2,-2,-2,-2,-2,-2,-2,-2,-2,-2,-2,-2,-2
3/13/2019 8:11:52,TypeScript,,,,+2,,,,,,,,,,,,,,,,,,,
3/13/2019 8:12:19,JavaScript,-2,-2,+3,+2,-2,,,,-2,+2,,+2,,,,,,,,,,,
3/13/2019 8:13:04,Go,-1,-2,+3,0,-2,-2,0,-2,0,0,0,-2,0,0,0,0,0,0,0,0,0,0,0
3/13/2019 8:13:27,PHP,,+3,,,,,,,,,,,,,,,,,,,,,
3/13/2019 8:14:43,C++,+1,+3,0,0,0,0,0,0,0,0,+1,0,0,0,0,0,0,0,0,0,0,0,0
3/13/2019 8:15:00,Perl,-2,-2,+3,0,-2,-2,0,-2,-2,+1,-2,-2,-2,-2,-2,-2,-2,-2,-2,-2,-2,-2,-2
3/13/2019 8:16:02,C#,,,+3,,,,,,,,,,,,,,,,,,,,
3/13/2019 8:19:04,1С,,,+3,,,,,,,,,,,,,,,,,,,,
3/13/2019 8:23:17,Python,-2,-2,-2,+3,-2,-2,-2,-2,-2,-2,-2,-2,-2,-2,-2,-2,-2,-2,-2,-2,-2,-2,-2
3/13/2019 8:25:17,JavaScript,-1,-2,+2,+2,-2,-2,-1,-2,-1,-1,-1,-1,-1,-1,-1,-1,0,-1,-1,-1,-1,-1,-1
3/13/2019 8:26:35,C,+1,,,,,,,,,,,,,,,,,,,,,,
3/13/2019 8:26:41,Delphi,-2,-2,+3,0,-2,-2,+1,-2,-2,+1,0,-1,-1,-1,0,0,0,0,0,0,0,0,0
3/13/2019 8:29:16,JavaScript,-1,0,+2,+1,-2,-2,-2,-2,-2,-2,-2,-2,-2,-2,-2,-2,-2,-2,-2,-2,-2,-2,-2
3/13/2019 8:29:32,Kotlin,+3,-1,+2,0,-2,-2,-2,-2,-2,-2,-2,-2,-2,-2,-2,+2,-2,-2,-2,-2,-2,-2,-2
3/13/2019 8:29:48,PHP,-2,-2,+3,-2,-2,-2,-2,-2,-2,-2,-2,-2,-2,-2,-2,-2,-2,-2,-2,-2,-2,-2,-2
3/13/2019 8:32:39,Go,+2,-2,+2,+1,,-2,,,,,,,,,0,,,,,,,,
3/13/2019 8:32:07,JavaScript,,,+3,,,,,,,,,,,,,,,,,,,,
3/13/2019 8:33:54,C++,,,+3,,,,,,,,,,,,,,,,,,,,
3/13/2019 8:34:55,JavaScript,-2,-2,+2,0,-2,-2,-2,-2,-2,-2,-2,-2,-2,-2,-2,-2,-2,-2,-2,-2,-2,-2,-2
3/13/2019 8:35:39,JavaScript,+3,,,,,,,,,,,,,,,,,,,,,,
3/13/2019 8:36:08,PHP,+3,,,,,,,,,,,,,,,,,,,,,,
3/13/2019 8:38:42,PHP,+1,+1,+2,+2,-2,-2,,-2,,+2,+1,0,0,0,,+1,,+1,+1,,-2,,
3/13/2019 8:39:28,TypeScript,+2,-2,-2,+1,-2,0,+2,-2,-2,0,0,0,0,0,0,0,0,0,0,0,0,0,0
3/13/2019 8:39:29,JavaScript,-1,-2,-1,+3,-2,-2,0,-2,-2,0,-2,-1,,,-2,-2,,,,,,,
3/13/2019 8:39:51,SQL,,,+3,,,,,,,,,,,,,,,,,,,,
3/13/2019 8:39:58,Java,0,-2,+3,0,-1,-2,-1,-1,-1,-1,-1,-1,-1,-1,-1,-1,-1,-1,-1,-1,-1,-1,-1
3/13/2019 8:40:17,PHP,+2,-2,-1,+1,-2,-2,-2,-2,-2,+1,0,-2,-2,-2,-2,-2,-2,-2,-2,-2,-2,-2,-2
3/13/2019 8:40:20,Python,+1,-2,+2,+3,-2,-2,0,-2,-2,0,-1,0,0,0,-2,0,0,0,-1,0,-2,0,0
3/13/2019 8:40:57,C#,+3,,,,,,,,,,,,,,,,,,,,,,
3/13/2019 8:43:16,C#,+3,-2,-2,+1,-1,-2,0,0,0,+1,-1,0,0,0,0,0,0,0,0,0,0,0,0
3/13/2019 8:43:34,JavaScript,0,-1,+2,0,-2,-2,-1,-2,-1,0,-1,-1,-1,-1,-2,-1,-1,-1,-1,-1,-1,-1,-1
3/13/2019 8:45:11,C++,-2,-2,+3,0,-2,0,0,-2,-2,+2,-1,,0,,,0,0,0,,,,,
3/13/2019 8:45:20,Kotlin,+1,-1,-1,+3,,-2,-1,-1,-1,-1,-1,-1,-1,-1,-1,0,-1,0,-1,-1,-1,-1,-1
3/13/2019 8:46:20,Kotlin,-1,-2,+3,+1,-2,-2,+1,-2,-2,-1,-1,-1,+1,-1,-2,-2,+1,+1,-2,0,-2,0,0
3/13/2019 8:48:45,Java,,,,,,,,,,,,,,,,+3,,,,,,,
3/13/2019 8:51:05,C++,,,+3,,,,,,,,,,,,,,,,,,,,
3/13/2019 8:51:35,C++,+3,,,,,,,,,,,,,,,,,,,,,,
3/13/2019 8:51:45,JavaScript,+2,-1,+1,0,-2,-2,+1,-2,-2,-2,-2,-2,-1,-2,-2,-2,-2,-2,-2,-2,-2,-2,-2
3/13/2019 8:58:28,JavaScript,-2,-2,-2,-2,-2,-2,-2,-2,-2,-2,-2,-2,-2,-2,-2,-2,-2,-2,-2,-2,-2,-2,-2
3/13/2019 9:01:39,JavaScript,-2,-2,-2,-2,-2,-2,-2,-2,-2,-2,-2,-2,-2,-2,-2,-2,-2,-2,-2,-2,-2,-2,-2
3/13/2019 9:03:01,Java,+1,+1,+1,-2,-2,-2,0,0,0,+3,0,0,0,0,-1,0,0,0,0,0,0,0,0
3/13/2019 9:04:34,JavaScript,0,-2,+2,-2,-2,-2,-2,-2,-2,-2,-2,-2,-2,-2,-2,-2,-2,-2,-2,-2,-2,-2,-2
3/13/2019 9:05:21,C++,,,+2,,,,,,,,,,,,,,,,,,,,
3/13/2019 9:09:26,C++,+3,-2,-2,-2,-2,-1,0,-1,-2,-2,-2,-2,-2,-2,-2,-2,-2,-2,-2,-2,-2,-2,-1
3/13/2019 9:09:58,Python,-2,-2,+3,-2,-2,-2,-2,-2,-2,-2,-2,-2,-2,-2,-2,+1,-2,-2,-2,-2,-2,-2,-2
3/13/2019 9:11:46,Java,+2,,,,,,,,,,,,,,,,,,,,,,
3/13/2019 9:12:18,C#,-2,-2,+3,,-2,-2,,-2,-2,,,-2,,,-2,-2,,,,,-2,,
3/13/2019 9:15:58,PHP,,,,+3,,,,,,,,,,,,,,,,,,,
3/13/2019 9:17:03,PHP,-2,+2,+3,-1,-2,,-2,-2,-2,-2,0,-2,-1,-2,-2,-2,-2,-2,-2,-2,-2,-2,-2
3/13/2019 9:21:59,Java,+3,-2,-2,0,-1,-1,+1,-1,-2,0,-2,-2,0,0,0,0,0,0,-1,0,-1,-2,0
3/13/2019 9:22:46,PHP,+2,-2,-2,+2,-2,0,-2,-2,-2,-2,-2,-2,-2,-2,-2,-2,-2,-2,-2,-2,-2,-2,-2
3/13/2019 9:22:52,C#,-2,0,-2,-1,-2,-2,-2,-2,-2,-2,-2,-2,-2,-2,-2,-2,-2,-2,-2,-2,-2,-2,-2
3/13/2019 9:22:54,C#,-2,-2,+3,-2,-2,-2,+1,-2,-2,+1,-2,-2,-2,-2,-2,-2,-2,-2,-2,-2,-2,-2,-2
3/13/2019 9:23:22,Java,-2,-2,-2,-1,,-2,,-2,,,,,,,,,,,,,-2,,
3/13/2019 9:25:39,C#,-2,-2,+2,+1,-2,-2,+2,-2,-2,-2,-2,-2,-2,-2,-2,-2,-2,-2,-2,-2,-2,-2,-2
3/13/2019 9:26:50,PHP,+3,-2,-1,+1,-2,-1,0,-2,-1,0,+1,+2,+1,0,-1,0,0,0,0,0,0,0,0
3/13/2019 9:27:18,C#,-2,-2,+3,-2,-2,-2,-2,-2,-2,-2,-2,-2,-2,-2,-2,-2,-2,-2,-2,-2,-2,-2,-2
3/13/2019 9:27:25,Java,+3,-2,-2,-2,-2,-2,-2,-2,+3,-2,-2,-2,-2,-2,-2,-2,-2,-2,-2,-2,-2,-2,-2
3/13/2019 9:30:18,C#,-2,-2,+3,-2,-2,-2,-2,-2,-2,-2,-2,-2,-2,-2,-2,-2,-2,-2,-2,-2,-2,-2,-2
3/13/2019 9:34:35,Python,-2,-2,+3,-1,-2,-2,-2,-2,-2,-1,-1,-2,0,-2,-2,-2,0,0,0,0,0,0,0
3/13/2019 9:35:13,Python,+2,-2,,,,-2,,,,,,,,,,,,,,,,,
3/13/2019 9:37:16,Python,+3,,,,,,,,,,,,,,,,,,,,,,
3/13/2019 9:37:38,C#,+3,,,,,,,,,,,,,,,,,,,,,,
3/13/2019 9:44:37,C#,-2,-2,-2,-2,-2,-2,-2,,-2,+3,-2,-2,-2,-2,-2,-2,-2,-2,,-2,-2,-2,-2
3/13/2019 9:44:42,Java,-2,-2,+3,+2,-2,-2,+2,-2,-2,-2,-2,-2,-1,-2,-2,+1,+1,-2,-2,-2,-2,-2,-2
3/13/2019 9:45:33,Kotlin,-2,-2,+2,-2,-2,-2,-2,-2,-2,-2,-2,-2,-2,-2,-2,-2,-2,-2,-2,-2,-2,-2,-2
3/13/2019 9:46:21,PHP,-2,-2,+3,-2,-2,-2,-2,-2,-2,0,-2,-2,-2,-2,-2,-2,-2,-2,-2,-2,-2,-2,-2
3/13/2019 9:46:29,Java,+1,-2,+1,+2,-2,-2,+1,-2,-2,+1,0,-2,0,0,0,0,0,0,0,0,-2,0,0
3/13/2019 9:47:09,C#,+3,-2,+2,+2,-2,-2,0,-1,0,+1,0,0,-1,-2,-2,0,0,0,0,0,0,0,0
3/13/2019 9:48:15,C#,+3,-2,-2,+1,-2,-2,-1,-2,-1,-1,-1,-1,0,0,0,-1,-1,-1,-1,-1,-1,-1,-1
3/13/2019 9:51:44,C++,+2,,,,,,,,,,,,,,,,,,,,,,
3/13/2019 9:55:00,JavaScript,-2,-2,+3,-2,-2,-2,-2,-2,-2,-2,-2,-2,-2,-2,-2,-2,-2,-2,-2,-2,-2,-2,-2
3/13/2019 9:55:00,Java,,+1,,,,,,,,,,,,,,,,,,,,,
3/13/2019 9:55:57,C#,-2,-2,+3,-1,-2,-2,+1,-2,-2,0,-2,-2,-1,-2,-2,+2,-2,+1,-2,-2,-2,-2,-2
3/13/2019 9:57:02,C,+2,,,,,,,,,,,,,,,,,,,,,,
3/13/2019 9:58:54,Python,-2,-2,+3,0,-2,-2,-2,-2,-2,0,-2,-2,0,-2,-2,-2,-2,-2,-2,-2,-2,-2,-2
3/13/2019 9:59:43,Objective-C,-2,-2,+3,-2,-2,-2,-2,-2,-2,-2,-2,-2,-2,-2,-2,-2,-2,-2,-2,-2,-2,-2,-2
3/13/2019 10:02:09,Python,-2,-2,0,-2,-2,-2,-2,-2,-2,+1,-2,-2,-2,-2,-2,0,-2,-2,0,-2,-2,-2,-2
3/13/2019 10:02:20,Java,+1,0,-2,-1,-2,-2,-2,+1,-2,-2,-2,-2,-2,-2,-2,-2,-2,-2,-2,-2,-2,-2,-2
3/13/2019 10:04:09,C#,-2,-2,+3,-2,-2,-2,-2,-2,-2,-2,-2,-2,-2,-2,-2,-2,,-2,-2,-2,-2,-2,-2
3/13/2019 10:04:16,Java,-2,-2,+3,-1,-2,-2,-2,-2,-2,-2,-2,-2,-2,-2,-2,-2,-2,-2,-2,-2,-2,-2,-2
3/13/2019 10:04:48,Java,+3,-2,+1,0,-2,0,0,-1,-1,-1,-1,-2,-1,-2,-2,-1,-1,-1,-1,-1,-1,-1,-1
3/13/2019 10:05:00,TypeScript,+3,-2,+1,-2,-2,-2,-2,-2,-2,-2,-2,-2,-2,-2,-2,-2,-2,-2,-2,-2,-2,-2,-2
3/13/2019 10:07:41,Java,,,+2,,,,,,,,,,,,-2,,,,,,,,
3/13/2019 10:08:00,C#,+1,+2,-2,-2,0,-2,0,0,0,0,0,0,0,-2,0,-1,0,0,0,0,0,0,0
3/13/2019 10:08:28,JavaScript,-2,-2,+3,-2,-2,-2,-2,-2,-2,-2,-2,,-2,-2,-2,-2,-2,-2,-2,-2,-2,-2,-2
3/13/2019 10:08:33,Java,+3,,,+1,,,,,,,,,,,,,,,,,,,
3/13/2019 10:10:47,C,+1,-2,-2,+2,-2,-2,-2,-2,-2,-2,-2,-2,-2,-2,-2,-2,-2,-2,-2,-2,-2,-2,-2
3/13/2019 10:12:10,PHP,+1,-2,-2,0,+2,-2,,+1,+1,,,+1,,,,,,,,,,,
3/13/2019 10:12:29,C++,,-2,,,,,,,,,,,,,,,,,,,,,
3/13/2019 10:13:47,Java,-2,-2,+3,+2,-2,-2,0,-2,-2,+1,-2,-2,-2,-2,-2,-2,-2,-2,-2,-2,-2,-2,-2
3/13/2019 10:13:56,JavaScript,-2,-2,-2,-2,-2,-2,-2,-2,-2,-2,-2,-2,-2,-2,-2,+3,-2,-2,-2,-2,-2,-2,-2
3/13/2019 10:15:05,PHP,+3,-2,+1,,-2,-1,-2,-2,-2,-2,-1,-2,0,-2,-2,-2,-2,-2,-2,-2,-2,-2,-2
3/13/2019 10:15:28,JavaScript,+3,+3,-2,+3,+3,+3,+3,+3,+3,+3,+3,+3,+3,+3,+3,+3,+3,+3,+3,+3,+3,+3,+3
3/13/2019 10:19:48,Swift,-2,-2,+3,+1,-2,-2,,-2,,,,-1,-2,0,,0,,,,,,,
3/13/2019 10:21:03,JavaScript,-2,-2,+3,,,,,,,,,,,,,,,,,,,,
3/13/2019 10:24:36,JavaScript,-2,-2,+3,+1,-1,-1,,-1,-2,,,,,+1,,,,,,,,,
3/13/2019 10:29:23,C#,,-2,+1,+3,-2,-2,-1,-2,-2,-1,-1,-1,-1,-2,-2,+1,-1,-1,-1,-1,-2,-1,-1
3/13/2019 10:29:30,TypeScript,-2,-2,+3,0,-2,-2,-1,-2,-2,-1,-1,-1,-1,-2,-2,-2,-2,-1,-1,-1,-2,-1,-1
3/13/2019 10:32:00,Java,-2,-2,+3,+1,-2,-2,-2,-2,-2,+1,0,-2,-2,-2,-2,0,-1,0,0,-2,-1,0,-2
3/13/2019 10:33:33,Python,+2,-1,-1,+1,-1,-1,-1,-1,-1,-1,-1,-1,0,-1,-1,-1,-1,-1,-1,-1,-1,-1,-1
3/13/2019 10:34:53,C#,-1,-1,-1,-1,-1,-1,-1,-1,-1,-1,-1,-1,-1,-1,-1,-1,-1,-1,-1,-1,-1,-1,-1
3/13/2019 10:36:03,C#,+3,,,+1,,,,,,,,,,,,,,,,,,,
3/13/2019 10:36:36,PHP,-2,-2,+2,0,-2,-2,+2,-2,-2,+1,-2,-2,-2,-2,-2,-2,-2,-2,-2,-2,-2,-2,0
3/13/2019 10:38:32,JavaScript,-2,-2,+2,-2,-2,-2,-2,-2,-2,-2,-2,-2,-2,-1,-2,-2,-2,-2,-2,-2,-2,-2,-2
3/13/2019 10:39:12,C#,+1,-2,+1,+3,,,,,,,,,,,,,,,,,,,
3/13/2019 10:39:37,PHP,+3,-1,-2,0,-1,-2,+1,-2,-1,,+1,-2,-2,,,-2,,,,,,,-2
3/13/2019 10:40:56,C#,+2,,+2,+2,,,,,,,,,,,,+3,,,,,,,
3/13/2019 10:43:57,PHP,+2,-2,-2,,,,,,+2,,,,,,,,,,,,,,
3/13/2019 10:45:11,JavaScript,,,,+3,,,,,,,,,,,,,,,,,,,
3/13/2019 10:47:38,PHP,-2,-2,+3,+1,-2,-2,-2,-2,-2,-2,-2,-2,-2,-2,-2,-2,-2,-2,-2,-2,-2,-2,-2
3/13/2019 10:48:46,JavaScript,+3,,,,,,,,,,,,,,,,,,,,,,
3/13/2019 10:51:23,PHP,+3,,,,,,,,,,,,,,,,,,,,,,
3/13/2019 10:55:28,JavaScript,+2,-2,+1,,,,,,,,,,,,,,,,,,,,
3/13/2019 10:55:31,Elixir,-2,-2,-2,-2,-2,-2,-2,-2,-2,-2,-2,-2,-2,-2,-2,-2,-2,-2,-2,-2,-2,-2,-2
3/13/2019 10:56:38,C++,0,-2,+3,-1,-2,-2,-2,-2,-2,+1,-2,-2,-1,-2,-2,-2,-1,-2,-2,-2,-2,-1,-2
3/13/2019 10:56:56,Java,-2,-2,+3,0,-2,,,,-2,,,,,,-2,,,,,,,,
3/13/2019 10:56:42,C#,-2,-2,+3,-2,-2,-2,-2,-2,-2,-2,-2,-2,-2,-2,-2,-2,-2,-2,-2,-2,-2,-2,-2
3/13/2019 11:03:16,PHP,-1,-2,+2,+3,-2,-2,0,-2,0,0,0,-2,+1,-1,0,0,+1,0,-1,0,-2,0,0
3/13/2019 11:00:53,Python,+1,-2,+2,+1,-2,-1,+3,-2,,,,,,,,,,,,,,,
3/13/2019 11:05:19,JavaScript,-2,-2,+3,-2,-2,-2,0,-2,-2,+1,-2,-2,+1,-2,+1,-2,-2,-2,-2,-2,-2,-2,0
3/13/2019 11:14:33,C,-2,-2,+1,+2,-2,-2,+2,-2,-1,0,0,-1,-1,-2,-2,-2,0,+2,0,0,-2,0,0
3/13/2019 11:18:17,Python,,-2,+1,+3,-2,-2,,-2,,,,,,-2,-2,,,,,,,,
3/13/2019 11:16:15,C#,+3,-2,-2,-2,-2,-2,-2,-2,-2,-2,-2,-2,-2,-2,-2,-2,-2,-2,-2,-2,-2,-2,-2
3/13/2019 11:18:02,Python,+1,0,-2,-2,-2,-2,-2,,0,,-2,-2,,0,-2,,-2,0,,,-2,,
3/13/2019 11:18:34,JavaScript,-2,-2,+3,-2,-2,-2,-2,-2,-2,-2,-2,-2,-2,-2,-2,-2,-2,-2,-2,-2,-2,-2,-2
3/13/2019 11:19:00,Python,-1,-2,+1,+1,-2,-2,-2,-2,-2,+3,-2,-2,-1,0,0,-2,,+1,-2,0,-2,-2,-1
3/13/2019 11:20:10,PHP,-2,-1,+2,-1,-2,-1,-1,-1,-1,-1,-1,-1,-1,-1,-1,-1,-1,-1,-1,-1,-1,-1,-1
3/13/2019 11:21:44,Java,-2,-2,+1,+1,-2,-2,-2,-2,-2,+3,-2,-1,-2,-2,-2,-2,-2,+2,-2,-2,-2,-2,-1
3/13/2019 11:24:28,Java,+2,-2,-2,+1,-2,-1,0,-2,0,0,-1,-1,0,-1,-1,0,0,-2,0,0,0,0,0
3/13/2019 11:27:08,JavaScript,+3,-2,-1,-1,0,-2,0,0,0,0,0,0,0,0,0,0,0,0,0,0,0,0,0
3/13/2019 11:31:15,C++,+2,-2,+2,-2,-2,-2,-2,-2,-2,-2,-2,-2,-2,-2,-2,0,-2,-2,-2,-2,-2,-2,-2
3/13/2019 11:39:51,C,-2,-2,+3,-2,-2,-2,-1,-2,-2,-1,-1,-2,-1,-1,-2,-1,-1,-1,-1,-1,,-1,-1
3/13/2019 11:39:16,JavaScript,-1,-1,-2,+3,-2,-2,-1,-2,-2,+1,-2,-2,-2,-2,-2,-2,+2,+2,-2,-2,-2,-2,-2
3/13/2019 11:39:59,JavaScript,+3,,,,,,,,,,,,,,,,,,,,,,
3/13/2019 11:40:04,JavaScript,+3,,,,,,,,,,,,,,,,,,,,,,
3/13/2019 11:44:40,Go,-2,+2,-2,-2,+3,+3,-1,+2,0,-2,+1,-2,-1,-2,-2,-1,-1,-2,-1,-1,-2,-2,0
3/13/2019 11:49:22,Java,,,+3,,,,,,,,,,,,,,,,,,,,
3/13/2019 11:51:36,JavaScript,,,+3,,,,,,,,,,,,,,,,,,,,
3/13/2019 11:51:44,Python,-2,-2,+1,-2,-2,-2,-2,-2,-2,-2,0,-2,-2,-2,-2,+3,,,-2,-2,-2,-2,-2
3/13/2019 11:53:34,C#,+2,-2,-2,+2,-2,-2,0,-2,-2,-2,-1,-2,-1,-2,-2,-2,-1,-2,-2,-2,-2,-1,-2
3/13/2019 11:57:24,C++,,,,+3,,,,,,,,,,,,,,,,,,,
3/13/2019 11:58:56,JavaScript,+3,-1,0,-1,-1,-1,-1,-1,-1,-1,-1,-1,-1,-1,-1,+1,-1,-1,-1,-1,-1,-1,-1
3/13/2019 12:07:00,Flutter (Dart),+2,0,+2,0,0,0,0,0,0,0,0,0,0,0,0,0,0,0,0,0,0,0,0
3/13/2019 12:08:03,Python,-2,-2,+3,,,,,,,,,,,,,,,,,,,,
3/13/2019 12:08:33,TypeScript,+2,0,0,+3,-2,-2,-2,-1,-2,-2,-2,-2,-2,-2,-2,-2,+1,0,-2,-2,-2,-2,-2
3/13/2019 12:08:49,Java,+2,-2,-2,+3,-2,-2,0,-2,-2,0,0,-2,-2,-2,-2,-2,-2,0,,-2,-2,-2,-2
3/13/2019 12:12:09,JavaScript,+1,-2,-2,0,-2,-2,-2,0,+1,-2,-2,-2,-2,-2,+1,+3,-2,-2,-2,0,-2,-2,-2
3/13/2019 12:12:47,JavaScript,-2,-2,+2,0,,-2,,-2,,,-1,,,-2,,,,,,,,,
3/13/2019 12:12:51,JavaScript,+3,+2,-2,+1,+1,-2,+1,-1,+1,+2,-2,+1,-1,+1,+1,-1,0,-1,-1,-1,-1,-1,-1
3/13/2019 12:12:58,C#,,,,,,,,,,+3,,,,,,,,,,,,,
3/13/2019 12:13:47,PHP,+1,-2,+1,,,,,,,,,,,,,,,,,,,,
3/13/2019 12:14:43,JavaScript,-2,-2,+2,-2,-2,-2,0,-2,-2,-2,-2,-2,-2,-2,-2,+1,-2,-2,-2,-2,-2,-2,-2
3/13/2019 12:14:43,Ruby,-2,-2,-2,-2,-2,-2,-2,-2,-2,-2,-2,-2,-2,-2,-2,-2,-2,-2,-2,-2,-2,-2,-2
3/13/2019 12:15:33,Java,-2,-2,+3,-2,-2,-2,-2,-2,-2,-2,-2,-2,-2,-2,-2,-2,-2,-2,-2,-2,-2,-2,-2
3/13/2019 12:16:37,C,-2,-2,+3,-2,-2,-2,-2,-2,-2,-2,-2,-2,-2,-2,-2,-2,-2,-2,-2,-2,-2,-2,-2
3/13/2019 12:16:37,Kotlin,+3,,,,,,,,,,,,,,,,,,,,,,
3/13/2019 12:17:13,QA,,,+3,,,,,,,,,,,,,,,,,,,,
3/13/2019 12:18:23,C#,,,+3,,,,,,,,,,,,,,,,,,,,
3/13/2019 12:19:06,JavaScript,-2,-2,-2,-2,-2,-2,-2,-2,-2,-2,-2,-2,-2,-2,-2,-2,-2,-2,-2,-2,-2,-2,-2
3/13/2019 12:20:24,C,-1,-1,+2,+1,-2,-1,,-2,-2,,,-1,-1,,-2,-2,,,,,-2,,
3/13/2019 12:19:44,Java,-1,-2,+2,-2,+2,-2,-2,-2,-2,-2,-2,+2,-2,-2,-2,-2,-2,0,-2,-2,-2,-2,-2
3/13/2019 12:20:31,Java,0,-2,+3,+2,-2,0,,-2,-2,,,-1,,,-2,,,,,,,,
3/13/2019 12:20:35,Python,,,,,,+3,,,,,,,,,,,,,,,,,
3/13/2019 12:20:42,Python,+3,-2,-2,+2,-2,-2,+2,-2,-2,-2,-2,-2,-2,-2,-2,-2,-2,-2,-2,-2,-2,-2,-2
3/13/2019 12:21:28,C,-2,-2,+3,-2,-2,0,-2,-2,-2,-2,-2,-2,-2,-2,-2,-2,-2,-2,-2,-2,-2,-2,-2
3/13/2019 12:23:13,PHP,-2,-2,+3,-2,-2,-2,-2,-2,-2,-2,-2,-2,-2,-2,-1,-2,-2,-1,-2,-2,-2,-2,-2
3/13/2019 12:23:40,Python,-2,-2,+3,+2,-2,-2,-2,-2,-2,+2,-2,-2,-2,-2,-2,-2,-2,-2,-2,-2,-2,-2,-2
3/13/2019 12:26:04,C++,-2,-2,+3,,,,,,,,,,,,,,,,,,,,
3/13/2019 12:25:38,JavaScript,-2,-1,+3,0,-2,-2,-2,-2,-2,-1,-2,-2,-1,-2,-2,-2,-2,0,-2,-2,-2,-2,-2
3/13/2019 12:26:09,C#,,-2,-2,+3,-2,-2,+1,-2,-2,,,,,,,,,,,,,,
3/13/2019 12:26:25,JavaScript,,,+3,,,,,,,,,,,,,,,,,,,,
3/13/2019 12:26:50,Groovy,-2,-2,-2,-2,-2,-2,-2,-2,-2,-2,-2,-2,-2,-2,-2,-2,-2,-2,-2,-2,-2,-2,-2
3/13/2019 12:28:08,C++,-2,-2,+3,-2,-2,-2,-2,-2,-2,-2,-2,-2,-2,-2,-2,-2,-2,-2,-2,-2,-2,-2,-2
3/13/2019 12:29:08,JavaScript,0,+1,+1,+2,-2,-2,0,-2,-2,0,-2,-2,-2,0,-2,-2,-2,-2,-2,-2,-2,-2,0
3/13/2019 12:29:29,JavaScript,,,+3,,,,,,,,,,,,,,,,,,,,
3/13/2019 12:29:36,Python,,,+2,,,,,,,,,,,,,,,,,,,,
3/13/2019 12:29:41,Ruby,+2,-2,-2,0,-2,-2,0,-2,-2,0,0,+2,0,0,0,+2,0,0,0,0,0,0,0
3/13/2019 12:30:11,C#,-2,-1,-2,-2,-2,-2,-2,+3,+2,-2,-2,-2,-2,-2,-2,-2,-2,-2,-2,-2,,-2,-2
3/13/2019 12:32:24,Python,-2,-2,+2,-2,-2,-2,-2,-2,-2,-2,-2,-2,-2,-2,-2,-2,-2,+3,-2,-2,-2,-2,-2
3/13/2019 12:30:33,Java,-2,-2,+3,+2,-2,-2,-2,-2,-2,-2,-2,-2,-2,-2,-2,-2,-2,-2,-2,-2,-2,-2,-2
3/13/2019 12:33:37,Python,-2,-2,-1,-2,-2,-2,+1,-2,-2,+2,-2,-2,+1,-2,-2,-2,-2,+1,-2,-2,-2,-2,-2
3/13/2019 12:34:09,Java,,+1,+1,+1,,,,,,,,,,,,,,,,,,,
3/13/2019 12:34:55,TypeScript,0,-2,+2,+1,-2,-1,-2,-2,-2,0,0,-2,-1,-1,-2,-2,-2,-2,-2,-2,-2,-2,-2
3/13/2019 12:35:19,Python,-2,-2,+2,-1,-2,-1,0,-2,-2,+1,0,-1,0,+2,-2,-2,0,-1,0,0,-1,0,
3/13/2019 12:35:36,C#,+3,-2,-2,-2,-2,-2,-2,-2,-2,-2,+1,-2,-2,-2,-2,-2,-2,-2,-2,-2,-2,-2,-2
3/13/2019 12:36:24,PHP,,,+3,-2,,,,,,,,,,,,-2,,,,,,,-2
3/13/2019 12:37:19,C++,-2,-2,+3,-2,-2,-2,-2,-2,-2,-2,-2,-2,-2,-2,-2,-2,-2,-2,-2,-2,-2,-2,-2
3/13/2019 12:38:06,Python,-1,-1,+3,-1,-2,0,0,-2,-2,+1,0,-2,+1,0,0,0,,+1,0,0,-2,0,0
3/13/2019 12:39:06,JavaScript,+1,-1,-2,+1,+1,-2,0,+1,0,0,0,-1,0,+1,-2,+1,0,0,0,0,0,0,0
3/13/2019 12:42:29,Python,+2,-2,+2,-2,-2,-2,-2,-2,-2,-2,-2,-2,-2,-2,-2,-2,-2,-2,-2,-2,-2,-2,-2
3/13/2019 12:42:32,JavaScript,-1,-1,+1,+3,-2,-2,-1,-2,-2,-2,-1,-1,-2,-1,-1,0,0,-1,-1,-1,-1,-1,-1
3/13/2019 12:42:32,Python,,,0,,,,,,,,,,,,,,,,,,,,
3/13/2019 12:43:06,PHP,-2,-2,+3,-1,-2,-2,+1,-2,-2,0,-2,-2,0,-1,0,-2,0,0,0,0,-2,+1,0
3/13/2019 12:44:29,C++,-2,-2,+3,-2,-2,-2,-2,-2,-2,-2,-2,-2,-2,-2,-2,-2,-2,-2,-2,-2,-2,-2,-2
3/13/2019 12:44:57,Java,+3,,,,,,,,,,,,,,,,,,,,,,
3/13/2019 12:49:51,Java,-2,-2,+3,-2,-2,-2,,-2,-2,,,,,-1,-2,-1,,,,,-2,,
3/13/2019 12:48:02,JavaScript,+1,-2,+1,+2,-2,-1,-1,-2,-1,+3,-1,-1,-1,-1,-2,-1,-1,-1,-1,-1,-1,-1,-1
3/13/2019 12:49:03,Python,+3,-2,-2,0,-2,-2,-2,-2,-2,-2,-2,-2,-2,-2,-2,-2,-2,0,-2,-2,-2,-2,-2
3/13/2019 12:49:23,Swift,-2,-2,+3,-2,-2,-2,-2,-2,-2,-2,-2,-2,-2,-2,-2,-2,-2,-2,-2,-2,-2,-2,-2
3/13/2019 12:50:27,C#,-1,-2,+3,-1,-1,-1,-1,-1,-1,-1,-1,-1,-1,-1,+1,-1,-1,-1,-1,-1,-1,-1,-1
3/13/2019 12:50:34,C#,-2,-2,-2,-2,-2,-2,-2,-2,-2,-2,-2,-2,-2,-2,-2,-2,-2,-2,-2,-2,-2,-2,-2
3/13/2019 12:52:09,Python,-2,-2,+3,,,-2,,-2,,,,-2,,,,,,,,,,,
3/13/2019 12:51:02,Bash,-1,-2,-2,0,-2,-2,-2,-2,-2,-2,-2,-2,-2,-1,-2,-2,-2,-2,-2,-2,-2,-2,-2
3/13/2019 12:52:43,JavaScript,-2,-2,+3,,,-2,,-2,-2,,,,,,0,,,,,,,,
3/13/2019 12:54:45,JavaScript,+1,-2,+1,0,0,-2,0,0,0,0,0,0,0,0,0,0,0,-2,0,0,0,0,0
3/13/2019 12:55:45,JavaScript,-2,-2,+3,-2,-2,-2,-2,-2,-2,-2,-2,-2,-2,-2,-2,-2,-2,-2,-2,-2,-2,-2,-2
3/13/2019 12:57:12,PHP,,,+3,,,,,,,,,,,,,,,,,,,,
3/13/2019 12:57:48,Java,0,-2,+2,0,0,0,0,0,0,0,0,0,0,0,0,0,0,0,0,0,0,0,0
3/13/2019 12:58:06,JavaScript,-2,-2,-2,-2,-2,-2,-2,-2,-2,-2,-2,-2,-2,-2,-2,-2,-2,-2,-2,-2,-2,-2,-2
3/13/2019 12:58:42,TypeScript,+3,,,,,,,,,,,,,,,,,,,,,,
3/13/2019 12:58:50,Java,-2,-2,+2,0,-2,-2,-2,-2,-2,-2,-2,-2,-1,-2,-2,-2,-2,-2,-2,-2,-2,-2,-2
3/13/2019 13:00:26,JavaScript,,,+3,,,,,,,,,,,,,,,,,,,,
3/13/2019 13:01:05,JavaScript,-2,-2,+2,+2,-2,-2,+1,-2,-2,,,,,,-2,-1,0,,,,,,
3/13/2019 13:04:47,C++,-2,-2,-2,+3,-2,-2,0,-2,-2,-1,-1,-2,-1,-2,-2,-1,-1,-1,-1,-1,-1,-1,-1
3/13/2019 13:04:56,C#,,+2,,+3,,,,,,,,,,,,,,,,,,,
3/13/2019 13:05:41,Python,,,+3,,,,,,,,,,,,,,,,,,,,
3/13/2019 13:07:44,C,+1,+1,-2,+3,-2,-1,+2,-2,-2,+1,-2,-2,-1,-2,-2,-2,+2,+1,0,-2,-2,0,-2
3/13/2019 13:08:05,C++,-1,-2,+3,-1,-2,-2,-2,-2,-2,-2,-2,-2,-2,-2,-2,-2,-2,-2,-2,-2,-2,-2,-2
3/13/2019 13:08:34,C#,-2,-2,-2,-2,-2,-2,-2,-2,-2,-2,-2,-2,-2,-2,-2,-2,-2,-2,-2,-2,-2,-2,-2
3/13/2019 13:09:00,C#,+1,-2,+2,-2,-2,-2,-2,-2,-2,-2,-2,-2,-2,-2,-2,-2,-2,-2,-2,-2,-2,-2,-2
3/13/2019 13:09:43,Java,+1,-1,+3,+1,-2,-1,-1,-2,,+1,,,,-1,-1,,,,,,-2,,
3/13/2019 13:10:28,JavaScript,+2,-2,-2,0,0,-2,,,-1,,,,-1,-1,,,,,,,,,
3/13/2019 13:11:01,PHP,,,+3,,,,,,,,,,,,,,,,,,,,
3/13/2019 13:11:52,Python,-1,-2,0,+2,-2,-2,-2,-2,-2,+2,-2,-1,-2,-2,-2,-2,-2,-2,-2,-2,-1,-2,-2
3/13/2019 13:14:29,C++,-2,-2,+3,-2,-2,-2,-2,-2,-2,+2,-2,-2,-1,-1,-2,-2,-1,+2,,-1,0,-1,-1
3/13/2019 13:16:46,Java,-2,-2,-2,-2,-2,-2,-2,-2,-2,-2,-2,-2,-2,-2,-2,-2,-2,-2,-2,-2,-2,-2,-2
3/13/2019 13:17:14,Ruby,-1,-2,-1,+3,,-2,,,,,,,,,,,,,,,,,
3/13/2019 13:17:57,PHP,-2,-2,+3,0,-2,-2,0,-2,0,0,0,0,0,-2,-2,0,0,0,0,0,0,0,0
3/13/2019 13:18:57,JavaScript,-1,-2,+3,+2,-2,-2,-1,-2,-2,+2,-1,-1,0,-2,-1,-2,0,0,0,0,-2,-1,-1
3/13/2019 13:19:39,JavaScript,+3,-2,-2,-2,-2,-2,-2,-2,-2,-2,-2,-2,-2,-2,-2,-2,-2,-2,-2,-2,-2,-2,-2
3/13/2019 13:19:40,JavaScript,-2,-2,+2,0,-2,-2,,-2,-2,,,-1,,0,-2,,,,,,,-2,
3/13/2019 13:20:34,Java,,,,+3,,,,,,,,,,,,,,,,,,,
3/13/2019 13:20:56,Java,-2,-2,,,,-2,,,,,,,,,,,,,,,,,
3/13/2019 13:21:10,Kotlin,+2,,+1,+2,-2,,,-2,-2,,,,,,,,,,,,-2,,
3/13/2019 13:21:15,C#,-2,-2,+3,-2,-2,-1,-2,-2,-2,-2,-2,-2,-2,-2,-2,-2,-2,-2,-2,-2,-2,-2,-2
3/13/2019 13:23:02,Ruby,,,+3,,,,,,,,,,,,,,,,,,,,
3/13/2019 13:23:20,Java,+1,-2,+1,+3,-2,-2,+1,-2,-2,-2,-2,-2,-2,-2,-2,-2,-2,-2,-2,-2,-2,-2,-2
3/13/2019 13:23:27,Java,-2,-2,-2,-2,-2,-2,-2,+2,-2,-2,-2,-2,-2,-2,-2,+3,-2,-2,-2,-2,-2,-2,-2
3/13/2019 13:24:32,C#,,,+2,,,,,,,,,,,,,,,,,,,,
3/13/2019 13:26:22,C++,+3,-2,-2,0,-2,-2,0,-2,-2,-2,-2,-2,-2,-2,-2,-2,-2,-2,-2,-2,-2,-2,-2
3/13/2019 13:26:42,C++,+1,-2,-2,-2,,-2,,+2,,,,-2,,-2,,,,,,,,,
3/13/2019 13:27:00,JavaScript,0,-1,-2,0,-2,-2,-1,-2,-1,-1,-1,-1,-1,-1,-1,+1,-1,-1,-1,-1,-1,-1,-1
3/13/2019 13:27:55,C#,0,-2,0,0,0,-2,0,0,0,+1,0,0,+1,0,-1,0,0,0,0,0,0,0,0
3/13/2019 13:29:24,Delphi,-2,-2,+2,-1,-2,-2,-2,-2,-2,+2,-2,-2,0,0,-2,-2,-2,-2,-2,,-2,-2,0
3/13/2019 13:29:24,C#,-2,-2,0,0,-2,-2,-2,-2,,+3,-2,-2,-2,-2,-2,-2,-2,-2,-2,-2,-2,-2,-2
3/13/2019 13:30:17,Python,-2,-2,+2,+2,-2,-2,,-2,-2,-2,,,,-2,,-2,,,,,-2,,
3/13/2019 13:31:04,C#,0,-2,+1,-1,-2,0,+3,-2,-2,-2,-2,-2,0,-2,-2,-2,-2,-2,-2,-2,-2,-2,-2
3/13/2019 13:33:39,PHP,+2,-1,-2,-2,-2,-2,-2,+2,+1,-2,-2,-1,-2,-2,-1,-2,-2,-2,-2,-2,-2,-2,-2
3/13/2019 13:33:56,Java,,,+3,,,,,,,,,,,,,,,,,,,,
3/13/2019 13:35:25,Kotlin,0,-2,-2,-1,-2,-2,-1,+3,+1,-1,-1,-1,-1,-1,-1,-1,-1,-1,-1,-1,-1,-1,-1
3/13/2019 13:36:14,Java,+1,,,,,,,+3,,,,,,,,,,,,,,,
3/13/2019 13:39:12,C#,-2,-2,+3,,,-2,,,,,,,,,,,,,,,,,
3/13/2019 13:39:51,PHP,0,-2,+1,-2,-2,-1,-2,-2,-2,-2,-2,-2,-2,-2,-2,-2,-2,,-2,-2,-2,-2,-2
3/13/2019 13:42:52,Python,+3,-2,-2,-2,-2,-2,-2,-2,-2,-2,-2,-2,-2,-2,-2,-2,-2,-2,-2,-2,-2,-2,-2
3/13/2019 13:42:57,Python,-2,-2,+1,,-2,-2,,-2,,0,+1,-2,,-2,-2,+2,,-2,-2,,,0,-2
3/13/2019 13:44:30,C++,-2,-2,+3,-2,-2,-2,-2,-2,-2,-2,-2,-2,-2,-2,-2,-2,-2,-2,-2,-2,-2,-2,-2
3/13/2019 13:44:48,C#,-2,-2,+3,-2,-2,-2,-2,-2,-2,-2,-2,-2,-2,-2,-2,-2,-2,-2,-2,-2,-2,-2,-2
3/13/2019 13:47:49,PHP,-1,-2,+2,,-2,-2,,-2,-2,,-1,-2,,-2,-2,,,,-1,,-2,,
3/13/2019 13:48:01,Python,+3,-2,-2,-2,-2,-2,-2,-2,-2,-2,-2,-2,-2,-2,-2,-2,-2,-2,-2,-2,-2,-2,-2
3/13/2019 13:48:35,Java,+2,+3,-2,,,-2,,,,,,,,,-2,,,,,,,,
3/13/2019 13:51:34,Python,0,0,-1,+3,-2,-2,-1,-1,-1,-1,-1,-1,-1,-1,-1,-1,-1,-1,-1,-1,-1,-1,-1
3/13/2019 13:52:03,JavaScript,+2,-2,0,+3,-2,-2,-2,-2,-2,-2,-2,-2,-2,-2,-2,-2,-2,-2,-2,-2,-2,-2,-2
3/13/2019 13:52:39,PHP,,,,,,,,,,,,,,,,,,,,,,,
3/13/2019 13:55:04,C++,+3,+1,-2,-2,+1,-2,0,,0,0,+1,0,0,-2,-2,0,0,0,-1,0,-2,0,+1
3/13/2019 13:56:06,Java,-2,-2,+3,-2,-2,-2,0,-2,-2,0,-2,-2,0,-2,-2,0,0,0,0,0,0,0,0
3/13/2019 13:57:31,JavaScript,+2,-2,-2,-1,-2,-2,-1,-2,-2,-1,-1,-1,-1,-1,-2,-2,-1,-1,-1,-1,-1,-1,-1
3/13/2019 13:59:58,SQL,+2,+1,-2,+2,-2,-2,+1,-2,-2,+1,0,+2,-2,-2,-2,+1,-2,-2,-2,0,-2,0,0
3/13/2019 14:00:48,Swift,+3,0,-2,,,,+1,,,,,,,,,,,,,,,,
3/13/2019 14:01:30,JavaScript,+2,-2,+3,+1,0,-1,+1,0,0,0,0,0,0,0,0,0,0,0,0,0,0,0,0
3/13/2019 14:03:39,C#,-2,-2,+3,-2,-2,-2,-2,-2,-2,-1,-2,-1,-2,-2,-2,-2,-2,-2,-2,-2,-2,-2,-2
3/13/2019 14:04:45,Python,0,-2,+2,0,-2,-1,,-2,-2,+1,0,-2,,,0,,0,,,,,,
3/13/2019 14:07:02,C#,-2,-2,+2,-2,-2,-2,-2,-2,-2,+3,-2,-2,-2,-2,-2,-2,-2,-2,-2,-2,-2,-2,-2
3/13/2019 14:07:55,Java,-2,-2,+3,+2,-2,-2,,,-2,,,,,,,,,,,,,,
3/13/2019 14:11:50,Ruby,,,+3,,,,,,,,,,,,,,,,,,,,
3/13/2019 14:14:35,JavaScript,-2,-2,+3,,,,,,,,,,,,,+3,+1,,-2,,,,
3/13/2019 14:16:25,JavaScript,-1,-1,-2,-1,-1,-2,-1,+3,+2,-1,-1,-1,-1,-1,-1,+2,-1,-1,-1,-1,-1,-1,-1
3/13/2019 14:17:52,Java,-2,-2,-1,+3,-2,-2,-2,-2,-2,0,-2,-2,-2,-2,-2,0,-2,-2,-2,-2,-2,-2,-2
3/13/2019 14:19:25,Python,+2,+2,-1,+2,-2,-2,0,-2,-2,+2,+1,0,+2,0,-2,-2,+2,+1,0,0,-1,-2,0
3/13/2019 14:20:10,C++,-1,+2,+1,+2,-2,+1,0,-2,0,+1,-1,-2,0,0,-1,0,0,0,-1,0,0,0,0
3/13/2019 14:23:40,C,-2,-2,+3,+1,-1,+1,-1,-1,-1,+2,-1,-1,0,-1,-1,-1,-1,-1,-1,-1,0,-1,-1
3/13/2019 14:24:17,C#,+2,-1,-1,,,,,,,,,,,,,,,,,,,,
3/13/2019 14:26:37,PHP,-2,-2,+3,0,-2,+1,-2,-2,-2,+1,-2,-2,-2,-2,-2,-2,-2,-2,-2,,-2,-2,0
3/13/2019 14:28:22,Kotlin,,,+3,,,,,,,,,,,,,,,,,,,,
3/13/2019 14:28:59,Delphi,+2,+2,-2,+1,+2,-2,+1,+3,+3,-2,-2,+1,+1,-1,0,+1,+1,-2,-2,-2,,-2,-2
3/13/2019 14:29:02,PL/SQL,-2,-2,+3,-2,-2,-2,-2,-2,-2,-2,-2,-2,-2,-2,-2,-2,-2,-2,-2,-2,-2,-2,-2
3/13/2019 14:31:44,Swift,+2,-2,-2,+2,-2,-2,-2,-2,-2,+2,-2,-2,-2,-2,-2,0,0,-2,-2,-2,-2,0,-2
3/13/2019 14:32:34,C++,-2,-2,-2,-2,-2,+3,-2,-2,-2,-2,-2,-2,-2,-2,-2,-2,-2,-2,-2,-2,-2,-2,-2
3/13/2019 14:33:57,C#,,,+3,,,,,,,,,,,,,,,,,,,,
3/13/2019 14:34:47,JavaScript,,,+3,+1,,,,,,,,,,,,,,,,,,,
3/13/2019 14:35:00,Java,-2,-2,+3,-2,-2,-2,-2,-2,-2,-2,-2,-2,-2,-2,-2,-2,-2,-2,-2,-2,-2,-2,-2
3/13/2019 14:35:34,Java,+2,-2,0,-2,-2,-2,-2,-2,-2,-2,-2,-2,-2,-2,-2,-2,-2,-2,-2,-2,-2,-2,-2
3/13/2019 14:36:25,Go,+3,-2,-2,-2,-2,-2,-2,+2,-2,-2,-2,+2,-2,-2,-2,-2,-2,-2,-2,-2,-2,-2,-2
3/13/2019 14:38:41,TypeScript,,,+3,,,,,,,,,,,,,,,,,,,,
3/13/2019 14:38:53,TypeScript,+1,-2,0,+2,-2,-2,-2,-2,-2,0,-2,-2,0,-2,-2,-2,-2,-2,-2,-2,-2,-2,-2
3/13/2019 14:39:29,Kotlin,+1,+1,-2,-1,-2,-2,-2,0,0,0,-2,-2,-2,-2,-2,-2,-2,-2,-2,-2,-2,-2,-2
3/13/2019 14:42:05,Java,-2,-2,+3,-2,-2,-2,-2,-2,-2,-2,-2,-2,-2,-2,-2,-2,-2,-2,-2,-2,-2,-2,-2
3/13/2019 14:47:13,C#,0,0,0,0,0,0,0,0,0,0,0,0,0,0,0,0,0,0,0,0,0,0,0
3/13/2019 14:47:47,Python,-2,-2,+3,0,-2,-2,-2,-2,-2,-2,-2,-2,-2,-2,-2,0,-2,0,-2,,-2,0,-2
3/13/2019 14:47:48,JavaScript,-1,-2,+3,-2,-2,-2,-2,-2,-2,-2,-2,-2,-2,-2,-2,-2,-2,-2,-2,-2,-2,-2,-2
3/13/2019 14:48:29,C#,-2,-2,+2,+2,-2,-2,0,-2,-2,+2,-1,-2,-1,-1,-2,-2,0,0,-1,0,-2,0,0
3/13/2019 14:49:22,PHP,-1,-2,+3,+1,-2,-2,,-2,-2,0,,0,,-2,-2,,,,,,-2,,
3/13/2019 14:49:29,C++,,,+3,,,,,,,,,,,,,,,,,,,,
3/13/2019 14:52:13,TypeScript,-2,-2,+3,+1,-2,-2,0,-2,-2,+2,-2,+2,,,,-2,,,0,,-2,,
3/13/2019 14:53:06,JavaScript,+3,,,,,,,,,,,,,,,,,,,,,,
3/13/2019 14:54:01,C++,+1,-2,+1,+2,0,0,0,0,0,0,0,0,0,0,0,0,0,0,0,0,0,0,0
3/13/2019 14:54:23,Objective-C,+1,-1,+2,+3,-1,-1,0,0,0,0,0,-1,0,0,-1,0,0,0,0,0,0,0,0
3/13/2019 14:54:51,Ruby,+3,-2,-2,0,0,-1,0,+1,+2,0,0,0,-1,0,-1,+1,0,0,0,0,0,0,0
3/13/2019 14:58:47,Java,-2,-2,+3,-2,-2,-2,+1,-2,-2,+2,-2,-2,-2,0,0,-2,-2,-2,-2,-2,-2,-2,-2
3/13/2019 14:59:50,C++,-2,,+2,,,,,,,,,,,,,,,,,,,,
3/13/2019 15:00:31,Python,-2,-2,+2,-2,-2,-2,0,-2,-2,+2,-2,-2,-2,-2,-2,-2,-2,-2,-2,-2,-2,-2,-2
3/13/2019 15:04:19,C#,-2,,+2,+1,-2,-2,+1,-2,-2,+1,+1,-1,,0,-2,,+1,+1,,,-2,,
3/13/2019 15:07:24,JavaScript,+1,0,-2,+1,-2,-2,-2,+2,+3,-2,,,,,-2,,,,,,-2,,
3/13/2019 15:09:10,PHP,-2,-2,+3,-2,-2,-2,0,-2,0,0,-2,0,0,0,0,0,0,0,-2,0,-2,0,0
3/13/2019 15:08:14,Java,+2,-2,-2,-2,-2,-2,-2,+3,0,-2,-2,-2,-2,-2,-2,-2,-2,-2,-2,-2,-2,-2,-2
3/13/2019 15:09:14,Ruby,+1,-2,+1,0,-2,-2,-2,-2,-2,-1,-1,-2,-1,-1,-2,-2,-1,-1,-2,-1,-2,-1,-1
3/13/2019 15:13:50,Со,+2,-2,-2,-1,-1,-2,-1,-1,-1,-1,-1,-1,-1,-1,-1,-1,-1,-1,-1,-1,-1,-1,-1
3/13/2019 15:13:53,1с,+3,+1,-2,,-1,-1,+1,-1,,,,-2,,+1,-2,+1,,-1,,,,,
3/13/2019 15:14:19,Python,-2,-2,+3,0,-2,-2,-2,-2,-2,-2,-2,-2,-2,-2,-2,-2,-2,-2,-2,-2,-2,-2,-2
3/13/2019 15:14:51,Python,+1,,0,+2,-2,,+3,-1,,,,,,,,,,,,,,,
3/13/2019 15:17:36,TypeScript,+1,-2,-2,-2,-2,-2,-2,-2,-2,-2,-2,-2,-2,-2,-2,-2,-2,-2,-2,-2,-2,-2,-2
3/13/2019 15:17:36,JavaScript,-2,-2,+1,+1,-2,-1,,-2,,,,,,-2,,,-1,,,,-2,,
3/13/2019 15:23:56,C#,,,,,,,,,,,,,,,,,,,,,,,
3/13/2019 15:27:22,Java,,,+3,,,,,,,,,,,,,,,,,,,,
3/13/2019 15:32:15,Ruby,-2,-2,+2,+3,-2,-2,-2,-2,-2,-2,-2,-2,-2,-2,-2,-2,-2,-2,-2,-2,-2,-2,-2
3/13/2019 15:38:27,Java,+1,,,,,,,,,,,,,,,,,,,,,,
3/13/2019 15:38:36,C++,,,+3,,,,,,,,,,,,,,,,,,,,
3/13/2019 15:42:03,Python,,,,,,,,,,,+3,,,+1,,,,,,,,,-2
3/13/2019 15:46:16,C#,,,+3,,,,,,,,,,,,,,,,,,,,
3/13/2019 15:46:29,PHP,-1,-2,+3,0,-2,-2,,-2,-2,+1,-1,-2,+1,-2,-2,-2,+1,,-2,,,,
3/13/2019 15:48:53,Python,-2,-2,+3,-2,-2,-2,0,-2,-2,-2,-2,-2,-2,-2,-2,-2,-2,-2,-2,-2,-2,-2,-2
3/13/2019 15:51:15,C++,-1,-1,+2,-1,-2,-2,-2,-2,-2,-2,-2,-2,-2,-2,-1,-2,-2,-2,-2,-2,-2,-2,-2
3/13/2019 15:53:30,Java,-1,-2,+2,+1,-2,-2,+1,-2,-2,0,,0,+1,0,0,+3,0,0,0,0,,0,0
3/13/2019 15:55:28,C,+3,-2,-2,,,,,,,,,,,,,,,,,,,,
3/13/2019 15:56:43,C#,0,+1,0,0,+2,-2,0,+2,+2,-2,0,+1,0,0,0,0,0,0,0,0,0,0,0
3/13/2019 15:58:17,English,+1,-2,-2,+2,0,-2,,,0,,,-1,,+2,0,+2,,,,,,,
3/13/2019 16:03:13,JavaScript,,,+3,,,,,,,,,,,,,,,,,,,,
3/13/2019 16:06:36,C++,-2,-2,+3,,-2,-2,,,,,,-2,-2,,-2,,,-2,,,,,
3/13/2019 16:04:45,C++,+3,-2,+1,0,-2,-2,+3,-2,-2,+1,-2,0,-2,-2,-2,-2,-2,-2,-2,-2,-2,-2,-2
3/13/2019 16:10:18,Java,+3,-2,0,+2,-2,-2,+2,-2,-2,-2,-1,-2,-2,0,-2,+1,-2,-2,-2,0,-2,-1,-2
3/13/2019 16:11:12,C#,-2,-2,+3,0,-1,-2,0,0,-1,-1,-1,-1,-1,-1,-1,-1,-1,-1,-1,-1,-1,-1,-1
3/13/2019 16:12:26,JavaScript,+3,0,-2,,,,,,,,,,,,,,,,,,,,
3/13/2019 16:15:47,Kotlin,,,+1,,,,,,,,,,,,,,,,,,,,
3/13/2019 16:17:08,PHP,-2,0,+1,+3,0,-2,-2,-2,0,+3,-2,-2,0,0,-2,0,0,0,0,0,0,0,0
3/13/2019 16:19:02,PHP,-2,-2,+3,-2,-2,-2,-2,-2,-2,-2,-2,-2,-2,-2,-2,-2,-2,-2,-2,-2,-2,-2,-2
3/13/2019 16:23:10,Java,0,-2,0,0,-2,-2,-2,-2,-2,-1,-1,-2,-2,-2,-2,-2,-2,0,-1,-2,-1,-1,-2
3/13/2019 16:28:26,C++,,+2,,+2,,,,,,,,,,,,,,,,,,,
3/13/2019 16:29:35,TypeScript,+3,-1,-2,+2,-2,-2,,0,-1,,,,0,,,+1,,,,,,,
3/13/2019 16:29:46,PHP,,,,+2,,,,,,,,,,,,,,,,,,,
3/13/2019 16:30:23,marketing,-2,-2,+3,-2,-2,-2,-2,-2,-2,0,-2,-2,0,0,-2,-2,0,0,0,0,0,0,0
3/13/2019 16:31:28,JavaScript,+3,-2,-2,+2,-2,-2,-2,-2,-2,-2,-2,-2,-2,-2,-2,-2,-2,-2,-2,-2,-2,-2,-2
3/13/2019 16:31:22,Java,,,,,+3,,,,,,,,,,,,,,,,,,
3/13/2019 16:32:56,Erlang,,-2,+2,+3,-2,-2,,-2,,,,0,,-2,-2,,,,,,,,
3/13/2019 16:31:44,C#,-2,-2,+3,-2,-2,-2,-2,-2,-2,-2,-2,-2,-2,-2,-2,,-2,-2,-2,-2,-2,-2,-2
3/13/2019 16:33:00,Ruby,,,+3,,,,,,,,,,,,,,,,,,,,
3/13/2019 16:34:45,C#,,-2,-1,,,,,,,,,,,,,,,,,,,,
3/13/2019 16:34:18,Java,,,,,,,+2,,,,,,,,,,,,,,,,
3/13/2019 16:35:01,Python,+1,+1,-2,-1,+2,-2,0,+2,+3,0,+1,0,0,-2,0,0,0,-2,+1,0,0,0,0
3/13/2019 16:36:05,C#,-1,-1,-1,+3,-1,-1,-1,-1,-1,-1,-1,-1,-1,-1,-1,-1,-1,-1,-1,-1,-1,-1,-1
3/13/2019 16:40:47,interesting in results,-2,-2,+3,0,-2,-2,0,-2,-2,0,-1,-2,0,-2,-2,-2,-2,+2,-1,-2,-2,0,0
3/13/2019 16:41:58,C,,,,+3,,,,,,,,,,,,,,,,,,,
3/13/2019 16:44:29,C++,,,,,,,,,,,,,,,,,,,,,,,
3/13/2019 16:45:08,Java,+1,-2,-1,+2,-1,-1,-1,0,0,+2,0,-2,0,+1,-1,0,-1,+1,0,0,0,0,0
3/13/2019 16:46:13,Salesforce,-2,-2,+3,+1,-2,-2,-1,-2,-2,0,-1,-2,-1,-2,-2,-1,0,-1,-1,-1,-1,-1,-1
3/13/2019 16:46:25,C#,-2,,+3,-1,-2,-1,0,-2,-2,,-1,,,+1,-2,,,,,,,,
3/13/2019 16:46:50,JavaScript,0,-1,+2,+3,-2,+1,-1,-2,-2,0,0,0,0,0,0,-2,0,-1,-1,+1,0,+1,-1
3/13/2019 16:50:18,Python,,,+2,,,,,,,,,,,,,,,,,,,,
3/13/2019 16:51:10,C++,+3,-2,-2,-2,-2,-2,-2,-2,-2,-2,-2,-2,-2,-2,-2,-2,-2,-2,-2,-2,-2,-2,-2
3/13/2019 16:56:46,Kotlin,-2,-2,-2,+3,-2,-2,-2,-2,-2,-2,-2,-2,-2,-2,-2,-2,-2,-2,-2,-2,-2,-2,-2
3/13/2019 16:59:39,JavaScript,+3,-2,-2,+3,-2,-2,-2,-2,-2,-2,-2,-2,-2,-2,-2,-2,-2,-2,-2,-2,-2,-2,-2
3/13/2019 17:00:43,Java,-2,-2,+3,-2,-2,-2,0,-2,-2,0,-2,-2,-2,-2,-2,-2,-2,0,-2,-2,-2,-2,-2
3/13/2019 17:01:03,Java,,,+3,,,,,,,,,,,,,,,,,,,,
3/13/2019 17:02:10,Java,-2,-2,-2,+3,-2,-2,0,-2,-2,0,0,0,0,0,-2,+1,0,0,0,0,0,-2,0
3/13/2019 17:02:14,Python,-2,-2,+3,-2,-2,-2,-2,-2,-2,-2,-2,-2,-2,-2,-2,-2,-2,-2,-2,-2,-2,-2,-2
3/13/2019 17:04:31,Python,-2,-2,+3,,,-2,,,,,,,,,,,,,,,,,
3/13/2019 17:05:20,C++,+2,-2,+2,-2,-2,-2,-2,-2,-2,-2,-2,-2,-2,-2,-2,-2,-2,-2,-2,-2,-2,-2,-2
3/13/2019 17:05:25,Scala,-2,-2,+2,-1,-2,-2,-2,-2,-2,-1,-2,-2,-2,-2,-2,-2,-2,-2,-2,-2,-2,-2,-2
3/13/2019 17:05:30,JavaScript,+2,-2,+1,,,,,,,,,,,,,,,,,,,,
3/13/2019 17:14:34,Java,-2,-2,-2,+3,-2,-2,-2,-2,-2,-2,-2,-2,-2,-2,-2,-2,-2,-2,-2,-2,-2,-2,-2
3/13/2019 17:10:31,Java,-2,-2,+3,-2,-2,-2,-2,-2,-2,-2,-2,-2,-2,-2,-2,-2,-2,-2,-2,-2,-2,-2,-2
3/13/2019 17:11:40,Java,,,+3,,,,,,,,,,,,,,,,,,,,
3/13/2019 17:12:00,Python,-2,-2,+3,0,-2,-2,-2,-2,-2,-2,-2,-2,-2,-2,-2,-2,-2,-2,-2,-2,-2,-2,-2
3/13/2019 17:12:41,Python,-2,-2,+2,+2,-2,-2,-2,-2,-2,+1,-2,-2,-2,-2,-2,-2,-2,-2,-2,-2,-2,-2,-2
3/13/2019 17:12:29,PHP,,,+1,,,,,,,,,,,,,,,,,,,,
3/13/2019 17:13:09,Python,-2,-2,0,+2,-1,-2,0,-1,-1,-1,-1,-1,-1,-1,-1,-1,-1,-1,-1,-1,-1,-1,-1
3/13/2019 17:13:27,Java,+2,-2,+2,-1,-1,-1,-1,-1,-1,-1,-1,-1,-1,-1,-1,-1,-1,-1,-1,-1,-1,-1,-1
3/13/2019 17:14:40,Java,-2,-2,+3,-2,-2,-2,,-2,,,,-2,,,-2,-2,,,,,,,
3/13/2019 17:15:19,Java,,,+2,+2,,,,,,,,,,,,,,+2,,,,,
3/13/2019 17:17:34,Веб дизайн,+2,,,,,-2,,,,,,,,,,,,,,,,,
3/13/2019 17:18:13,PHP,0,0,+2,+3,-2,-2,-2,-2,-2,0,+1,-2,-2,-2,-2,-2,-2,+1,-2,-2,-2,-2,-2
3/13/2019 17:20:27,Python,,,,,,,,,,,+3,,,,,,,,,,,,
3/13/2019 17:21:14,SAS,+3,,-2,,,,,,,,,,,,,,,,,,,,
3/13/2019 17:21:22,C#,+3,,-2,,,,,,,,,,,,,,,,,,,,
3/13/2019 17:26:42,JavaScript,,,+3,,,,,,,,,,,,,,,,,,,,
3/13/2019 17:29:05,C#,-2,-2,+3,-2,-2,-2,-2,-2,-2,-2,-2,-2,-2,-2,-2,-2,-2,-2,-2,-2,-2,-2,-2
3/13/2019 17:30:02,JavaScript,+2,-2,-1,+1,+1,-2,,,,,,,,,-2,,,,,,,,
3/13/2019 17:31:29,Python,-2,-2,+3,-2,-2,-2,-2,-2,-2,-2,-2,-2,-2,-2,0,-2,-2,-2,-2,-2,-2,-2,-2
3/13/2019 17:36:37,Java та Javascript,+2,+3,-2,+2,+1,-1,-2,-2,-1,+1,-1,+1,0,0,0,0,0,0,0,0,-2,0,+1
3/13/2019 17:37:36,Java,-2,-2,+3,-1,-2,-2,-2,-2,-2,-1,-2,-2,-2,-2,-2,-2,-2,-2,-2,-2,-2,-2,-2
3/13/2019 17:40:14,Java,-2,-2,+3,-1,-2,-2,-2,-2,-2,+1,-2,-2,-2,-2,-2,-2,-2,-2,-2,-2,-2,-2,-2
3/13/2019 17:41:59,C,,,+3,,,,,,,,,,,,,,,,,,,,
3/13/2019 17:42:50,Java,-2,-2,+3,+2,,,,,,+2,,,,,,,,,,,,,
3/13/2019 17:51:59,Java,-2,-2,-2,-2,-2,-2,-2,+2,0,-2,-2,-2,-2,-2,-2,-2,-2,-2,-2,-2,-2,,-2
3/13/2019 17:57:09,Java,,-2,,,,,,,,,,,,,,,,,,,,,
3/13/2019 17:57:49,C++,0,-2,-1,+2,-2,-1,+1,-2,-2,+1,0,0,+1,0,0,0,0,0,0,0,-2,0,0
3/13/2019 17:59:02,C++,+3,-2,-2,-1,-1,0,-2,-2,-2,-2,-2,-1,-2,-2,-2,-2,-2,-2,-2,-2,-2,-2,-2
3/13/2019 17:58:11,Python,-2,-2,+2,+1,-2,-2,+1,,,,,,,,,,,,-2,,-2,,
3/13/2019 17:59:33,JavaScript,,,-2,,,,,,,,,,,,,,,,,,,,
3/13/2019 18:00:31,C++,,+2,-2,-1,+3,-2,0,+3,+3,-2,,0,-1,+1,0,0,0,-2,,,0,0,0
3/13/2019 18:04:25,Swift,+3,,,,,,,,,,,,,,,,,,,,,,
3/13/2019 18:07:40,JavaScript,+3,-2,-2,0,-2,-2,,,0,,,,,,,,0,,,,,0,
3/13/2019 18:08:49,Java,,,+2,+2,,,,,,,,,,,,,,,,,,,
3/13/2019 18:11:01,JavaScript,-2,-2,+2,+2,-2,-2,-2,-2,-2,-2,-2,-2,-2,-2,-2,-2,-2,-2,-2,-2,-2,-2,-2
3/13/2019 18:12:18,C#,-2,-2,+3,-2,-2,-2,-2,-2,-2,-2,-2,-2,-2,-2,-2,-2,-2,-2,,-2,-2,-2,-2
3/13/2019 18:12:25,C++,+3,-2,+2,+2,-2,-2,+1,-2,-2,+3,0,-2,-2,-2,-2,-2,-2,-2,0,-2,-2,-2,-2
3/13/2019 18:17:48,TypeScript,+1,-2,0,-1,-2,-2,-2,-2,-2,-2,-2,-2,-2,-2,-2,-1,-2,-2,-2,-2,-2,-2,-2
3/13/2019 18:18:52,Python,+3,-2,-2,-2,-2,-2,-2,-2,-2,-2,-2,-2,-2,-2,-2,-2,-2,-2,-2,-2,-2,-2,-2
3/13/2019 18:25:55,C#,,,,,,,+3,,,,,,,,,,,,,,,,
3/13/2019 18:26:49,JavaScript,+2,-2,+2,+1,-1,0,+1,-2,+1,+2,+1,+1,0,+1,+1,+1,+1,+1,-1,0,0,-1,-1
3/13/2019 18:27:13,Python,-1,-2,-1,+3,-2,-2,-2,-2,-2,-2,0,-2,-2,-2,-2,-2,-2,-2,-2,-2,-2,-2,-2
3/13/2019 18:30:44,C,-2,-2,+2,+1,-2,-1,-2,,-2,+2,,0,,-2,-2,+3,,,,,,,
3/13/2019 18:30:48,Python,-2,-2,,+3,-2,-2,-1,-2,-2,0,-2,-1,-1,-2,-2,-2,+1,+2,-2,-2,-2,-2,-2
3/13/2019 18:32:25,Ruby,-2,-2,-2,-2,-2,-2,-2,-2,-2,-2,-2,-2,-2,-2,-2,-2,-2,-2,-2,-2,-2,-2,-2
3/13/2019 18:32:36,Java,+3,-2,-2,-2,0,-2,-2,0,+1,-2,-2,+1,-2,-2,-2,-2,-2,-2,-2,-2,-2,-2,-2
3/13/2019 18:34:13,Scala,-2,-2,-2,+1,-2,-2,-2,-2,-2,-2,-2,-2,-2,-2,-2,-2,,-2,-2,-2,-2,-2,-2
3/13/2019 18:36:30,Java,+3,,,,,,,,,,,,,,,,,,,,,,
3/13/2019 18:37:56,Java,+3,0,-2,-2,+2,0,-2,+1,-2,-2,-2,+1,-2,-2,-2,-2,-2,-2,-2,-2,-2,-2,-2
3/13/2019 18:39:22,C#,-2,-2,-2,-2,-2,-2,-2,-2,-2,-2,-2,-2,-2,-2,-2,-2,-2,-2,-2,-2,-2,-2,-2
3/13/2019 18:41:47,Kotlin,+1,-2,-2,-2,-2,-1,+3,-2,-2,+1,-1,-1,-2,-2,-2,+2,-1,-1,-2,-1,-2,-1,-1
3/13/2019 18:41:48,C#,,,+3,,,,,,,,,,,,,,,,,,,,
3/13/2019 18:44:14,TypeScript,+1,,+3,,,,,,,,,,,,,,,,,,,,
3/13/2019 18:45:49,Scala,-2,-2,+2,0,-2,-2,-2,0,0,0,0,0,0,+1,0,-2,0,0,0,0,0,0,0
3/13/2019 18:45:58,TypeScript,+1,-1,-1,+2,-2,-2,+2,-2,-2,-1,-2,0,-1,0,-1,-1,0,0,-1,-1,-1,0,-1
3/13/2019 18:46:03,C++,,,+3,,,,,,,,,,,,,,,,,,,,
3/13/2019 18:48:42,Java,,,,,,,,,,,,,,,,,,,,,,,
3/13/2019 18:48:35,Kotlin,,,,+3,,,,,,,,,,,,,,,,,,,
3/13/2019 18:54:22,JavaScript,-2,-2,-1,-2,-2,-2,0,-2,-1,-2,-2,-2,-2,-2,-2,-1,+2,0,-2,0,-2,0,0
3/13/2019 18:55:04,C++,,,+3,,,,,,,,,,,,,,,,,,,,
3/13/2019 19:02:19,Python,,,+3,,,,,,,,,,,,,,,,,,,,
3/13/2019 19:03:04,PHP,+3,-2,-2,-2,-2,-2,-2,-2,-2,-2,-2,-2,-2,-2,-2,-2,-2,-2,-2,-2,-2,-2,-2
3/13/2019 19:06:45,C#,,,+3,,,,,,,,,,,,,,,,,,,,
3/13/2019 19:09:14,JavaScript,-2,-2,+3,+2,-2,-2,-2,-2,-1,-2,+1,-1,0,-2,-2,-2,-2,-2,+1,-2,-2,-2,-2
3/13/2019 19:08:29,C++,+1,+3,-1,+1,-2,-2,-1,-2,0,0,+1,0,0,-1,0,0,0,0,0,0,0,0,0
3/13/2019 19:11:56,JavaScript,+3,,,,,,,,,,,,,,,,,,,,,,
3/13/2019 19:12:32,PHP,+2,-2,+1,+1,-2,-2,0,-2,-2,+3,0,-2,0,-2,-2,+1,0,0,0,-1,0,0,0
3/13/2019 19:16:16,Go,-2,-2,-2,-1,0,-2,+2,0,0,+3,0,0,-2,0,0,+1,0,0,0,0,0,0,0
3/13/2019 19:16:22,C#,+2,-2,+1,,,,,,-2,,,,,,+1,,,-2,,,,,
3/13/2019 19:19:27,Java,-2,-2,0,+2,-2,-2,0,-2,-2,+3,-2,-2,-2,-2,-2,-2,-2,-1,-2,-2,-2,-2,-2
3/13/2019 19:21:57,PHP,-2,-2,-2,-2,-2,-2,-2,-2,-2,+2,+1,-2,-2,-2,-2,-2,-2,-2,-2,-2,-2,-2,-2
3/13/2019 19:20:59,JavaScript,-2,-2,-1,+3,-2,-2,-2,-2,-2,+1,-2,-2,0,-2,-2,-2,-2,0,-2,-2,-2,-2,-2
3/13/2019 19:31:10,C++,-1,-2,-1,+3,-2,-2,-2,-2,-2,0,-2,-1,-1,-2,-2,-1,0,0,0,-1,-2,0,-1
3/13/2019 19:31:40,JavaScript,-1,-1,+2,+2,-2,-2,-2,-2,-2,+1,-2,-2,+1,-1,+1,+1,-1,-2,-1,-2,-2,-2,-2
3/13/2019 19:36:13,C++,-1,-1,+2,+1,-2,-2,-1,-2,-2,0,-1,-1,0,-1,-2,-1,-1,0,-1,-1,-2,-1,-1
3/13/2019 19:36:56,C#,,,+2,,,,,,,,,,,,,,,,,,,,
3/13/2019 19:44:07,C#,-2,-2,+3,,-2,-2,+1,-2,,,-2,-2,-2,-2,,-2,,,-2,,,,
3/13/2019 19:45:00,Python,,,,,,,,+3,,,,,,,,,,,,,,,
3/13/2019 19:45:41,C#,-1,-1,+3,-2,-2,-1,-1,-2,-1,-1,-2,-1,-2,-2,-2,-2,-2,-1,-2,-1,-2,-1,-2
3/13/2019 19:45:39,Swift,-1,-1,+2,+1,-1,0,+1,0,0,0,0,-1,0,0,+1,0,0,0,0,0,0,0,0
3/13/2019 19:45:59,JavaScript,0,0,+3,0,0,0,0,0,0,0,0,0,0,0,0,0,0,0,0,0,0,0,0
3/13/2019 19:46:26,Java,+1,-2,-2,,-2,-2,,+3,+3,,,,,,,0,,,,,,,
3/13/2019 19:49:27,PHP,,,+3,,,,,,,,,,,,,,,,,,,,
3/13/2019 19:48:18,PHP,-1,0,+2,+2,-1,0,0,-2,-2,+2,0,0,+1,0,-2,-2,-1,0,-1,-1,-2,-1,-1
3/13/2019 19:50:51,Java,,,+3,,,,,,,,,,,,,,,,,,,,
3/13/2019 19:57:26,Business Analyst ,-2,-2,+3,-2,-2,-2,-2,-2,-2,-2,-2,-2,-2,-2,-2,-2,-2,-2,-2,-2,-2,-2,-2
3/13/2019 19:59:19,JavaScript,+1,-2,+1,,,,,,,,,,,,,+2,,,,,,,
3/13/2019 20:01:56,Ruby,+3,-2,-2,,,-2,+2,,,,,,,,,+2,,,,,,,
3/13/2019 20:04:46,Python,-1,-2,0,0,-2,-2,+2,-2,-2,+1,-1,-2,0,-2,-2,-2,-1,0,0,0,-2,0,0
3/13/2019 20:19:38,PHP,-2,-2,+3,-2,-2,-2,-1,-1,-2,-2,-1,-2,-2,-1,-2,-2,-1,-1,-1,-1,-2,-1,-1
3/13/2019 20:20:51,Python,-2,-2,+2,-1,-2,-1,-1,-2,-2,+2,-2,-2,-2,-2,-2,-1,-1,-1,-2,-2,-2,-2,-1
3/13/2019 20:22:21,JavaScript,-2,-2,+3,-1,-2,-2,-2,-2,-2,0,-2,-2,0,-2,-2,-2,-2,-1,-2,-2,-2,-2,-2
3/13/2019 20:24:02,1с,+3,-2,+1,+2,-2,-2,-2,-2,-2,+1,+1,-2,-2,-2,-2,-2,-2,-2,-2,-2,-2,-2,-2
3/13/2019 20:29:54,JavaScript,-2,-2,+3,-2,-2,-2,-2,-2,-2,-2,-2,-2,-2,-2,-2,-2,-2,-2,-2,-2,-2,-2,-2
3/13/2019 20:35:42,Python,-1,-2,+3,-1,-2,-2,-2,-2,-2,+1,-2,-2,0,-2,-2,-2,-2,+2,-2,-2,-2,-2,-2
3/13/2019 20:36:35,C,-1,-2,+2,+2,-2,-2,,-2,-2,,,,,-2,,-2,,,,,-2,,
3/13/2019 20:41:03,Python,-1,-2,+3,+1,-2,-2,-2,-2,-2,-2,-2,-2,-2,-2,-2,-2,-2,-2,-2,-2,-2,-2,-2
3/13/2019 20:41:05,Python,+3,,,,,,,,,,,,,,,,,,,,,,
3/13/2019 20:55:15,Python,0,-2,-2,+3,-2,-2,-2,-2,-2,-1,-2,-2,-2,-2,-2,0,+1,+1,-2,-2,-2,-2,-2
3/13/2019 20:59:37,Java,+1,-2,+2,-1,-2,-2,+3,-2,-2,-1,-1,-2,-1,-1,-1,-1,-1,-1,-1,-1,-1,-1,-1
3/13/2019 21:03:52,PHP,,,+3,,,,,,,,,,,,,,,,,,,,
3/13/2019 21:14:47,C++,-2,-1,+3,,,-2,,-2,,,,-1,,,,,,,,,,,
3/13/2019 21:15:36,PHP,+1,,+1,-2,,,,,,,,,,,,,,,,,,,
3/13/2019 21:18:15,Java,,,+3,,,,,,,,,,,,,,,,,,,,
3/13/2019 21:20:48,PL/SQL,0,-1,+2,+1,-2,-2,-1,-2,-2,0,-1,-1,-1,-1,-2,-1,-1,0,-1,-1,-1,0,-1
3/13/2019 21:21:33,JavaScript,+3,,,,,,,,,,,,,,,,,,,,,,
3/13/2019 21:24:57,C#,0,-2,+2,+1,-2,-2,0,-2,0,+1,-1,0,-1,0,0,0,0,0,0,0,-1,0,0
3/13/2019 21:30:18,PHP,+2,,,+2,,,-2,,,,,,,,,,,,,,,,
3/13/2019 21:30:23,Python,,,+3,,,,,,,,,,,,,,,,,,,,
3/13/2019 21:34:06,PHP,-2,-2,-2,-2,-2,-2,-2,0,-2,-2,-2,-2,-2,-2,-2,-2,-2,-2,-2,-2,-2,-2,-2
3/13/2019 21:34:51,Java,-2,-1,+2,,,,,,-2,+1,,,,,-2,,,,,,,0,
3/13/2019 21:40:49,C#,-2,-1,+1,0,-2,-1,-1,-2,-1,-1,-1,-1,-1,0,0,-1,-1,-1,-1,-1,-1,-1,-1
3/13/2019 21:41:10,Python,,,,,,,,,,,,,,,,,,,,,,,
3/13/2019 21:41:32,Go,,,+3,,,,,,,,,,,,,,,,,,,,
3/13/2019 21:41:52,C#,-2,-1,-2,+2,-2,-2,-2,-2,-2,-2,-2,-2,-2,-1,-2,-1,-2,-2,-2,-2,-2,-2,-2
3/13/2019 21:42:58,JavaScript,+2,-2,-2,,-2,,,+2,,,,,,,,,,,,,,,
3/13/2019 21:43:04,Python,+1,-2,+1,+3,-2,-2,-2,-2,-2,-2,0,+1,-2,-2,-2,-2,+2,-2,-2,-2,-2,-2,-2
3/13/2019 21:43:58,Go,-2,-2,+2,-1,-2,-2,+1,-2,,-2,-2,-2,0,-2,-2,-2,-2,-2,-2,-2,-2,-2,-2
3/13/2019 21:44:29,Swift,-2,-2,+1,-1,-2,-2,-2,-2,-2,,-2,-2,-2,-2,-2,,-2,-2,-2,-2,-2,-2,-2
3/13/2019 21:48:09,TypeScript,+1,-2,+2,+3,-2,-2,+2,-2,-2,-1,-1,-2,-1,-2,-2,-1,+1,+1,-2,-2,-2,-2,-2
3/13/2019 21:51:00,Scala,,,+3,,,,,,,,,,,,,,,,,,,,
3/13/2019 22:02:00,Java,,,+3,,,,,,,,,,,,,,,,,,,,
3/13/2019 22:04:22,Python,+3,,,,,,,,,,,,,,,,,,,,,,
3/13/2019 22:09:15,PHP,-2,-2,+1,+3,-2,-2,0,-2,-2,+1,-1,-2,-2,-2,-2,-2,+1,+1,0,0,-2,0,-2
3/13/2019 22:10:17,JavaScript,-2,-2,+2,+1,,-1,,-2,,,,,,,,+1,,,,,,,
3/13/2019 22:20:22,C#,-2,-2,+3,-2,-2,-2,0,-2,-2,-2,0,-2,-2,-2,-2,-2,0,0,0,0,0,-2,0
3/13/2019 22:22:53,Java,-2,-2,-2,-2,-2,-2,-2,-2,-2,-2,-2,-2,-2,-2,-2,-2,-2,-2,-2,-2,-2,-2,-2
3/13/2019 22:25:20,C++,0,-2,+1,-2,-2,-2,,,,,,,,,,+2,,,,,,,
3/13/2019 22:26:31,Java,-1,-2,-2,-2,-2,-2,-2,+1,0,-2,-1,-1,-2,0,-1,-1,-2,-2,-1,-2,-2,-2,-2
3/13/2019 22:26:50,Java,+3,-2,-2,-2,-2,-2,-2,-2,-2,-2,-2,-2,-2,-2,-2,-2,-2,-2,-2,-2,-2,-2,-2
3/13/2019 22:37:47,PHP,+2,,,,,,,,,,,,,,,,,,,,,,
3/13/2019 22:40:16,JavaScript,-2,-2,+2,+2,-2,-2,-1,-2,-1,-2,-1,-1,-1,-2,-2,-1,0,0,-1,-1,-1,-1,-1
3/13/2019 22:41:29,C,+2,-2,-2,0,-2,-2,0,-2,-2,,-2,-2,-2,-1,,-2,-2,-2,-2,-2,-2,-2,-2
3/13/2019 22:41:41,Ruby,0,-2,-1,+3,-2,-2,0,-2,0,0,0,-2,0,0,0,0,0,0,0,0,0,0,0
3/13/2019 22:46:45,JavaScript,,,+3,,,,,,,,,,,,,,,,,,,,
3/13/2019 22:47:49,Java,+1,-2,-1,+1,-2,-2,-2,-2,-2,-2,-2,-2,-2,-2,-2,-2,-2,-2,-2,-2,-2,-2,-2
3/13/2019 22:53:01,C++,-2,-2,+3,-2,-2,-2,-2,-2,-2,-1,-2,-2,-2,-2,-2,-2,-2,-2,-2,-2,-2,-2,-2
3/13/2019 22:55:30,C++,-2,-2,+3,-2,-2,-2,-2,-2,-2,-2,-2,-2,-2,-2,-2,-2,-2,-2,-2,-2,-2,-2,-2
3/13/2019 22:56:12,Python,+3,0,-2,0,-2,-2,0,-2,-2,0,0,-2,-2,-2,-2,-2,-2,-2,-2,-2,-2,-2,-2
3/13/2019 23:09:28,C#,-2,-2,+3,-2,-2,-2,-1,-2,-2,-1,-2,-1,-2,-1,-1,-1,-1,-1,-1,-1,-2,-1,-1
3/13/2019 23:09:31,PHP,,,+3,,,,,,,,,,,,,,,,,,,,
3/13/2019 23:12:11,C++,-2,-2,0,+3,-2,-2,-2,-2,,-2,-2,+1,-2,-2,-2,-2,-2,-2,-1,-2,-2,-2,-2
3/13/2019 23:25:35,C#,-2,-2,+3,-2,,-2,,,,,,,,,,,,,,,,,
3/13/2019 23:26:30,C++,-2,-2,+3,-2,-2,-2,-2,-2,-2,-2,-2,-2,-2,-2,-2,-2,-2,-2,-2,-2,-2,-2,-2
3/13/2019 23:27:17,C++,-2,-2,+3,-2,-2,-2,-2,-2,-2,-2,-2,-2,-2,-2,-2,-2,-2,-2,-2,-2,-2,-2,-2
3/13/2019 23:33:04,C++,-1,-1,-2,0,-2,-2,0,-2,-2,0,+3,0,-2,-1,-2,-2,0,0,0,0,-2,0,0
3/13/2019 23:36:00,JavaScript,-2,-2,+3,-2,-2,-2,-2,-2,-2,-2,-2,-2,-2,-2,-2,-2,-2,-2,-2,-2,-2,-2,-2
3/13/2019 23:38:19,PHP,-2,-2,+3,-2,-2,-2,-2,-2,-2,-2,-2,-2,-2,-2,-2,-2,-2,-2,-2,-2,-2,-2,-2
3/13/2019 23:55:58,C++,-2,-2,-2,-2,-2,-2,-2,-2,-2,-2,-2,-2,-2,-2,-2,-2,-2,-2,-2,-2,-2,-2,-2
3/13/2019 23:59:38,PHP,,,+3,,,,,,,,,,,,,,,,,,,,
3/14/2019 0:03:52,TypeScript,-2,-2,+3,-2,-2,-2,,-2,-2,+2,-2,-2,,-2,-2,-1,,-2,-2,,-2,,
3/14/2019 0:11:03,PHP,+2,-2,-2,+1,-1,-2,+3,,,,+1,,,,,+1,,,0,,,,
3/14/2019 0:35:48,hh,,,,,,,,,,,,,,,,,,,,,,0,
3/14/2019 0:37:06,C#,+3,-2,0,0,0,0,0,0,0,0,0,0,0,0,0,0,0,0,0,0,0,0,0
3/14/2019 0:38:39,C#,0,-2,+1,+3,-2,-2,0,,-2,0,-2,-2,-2,-2,-2,-2,0,-2,-2,-2,-2,-2,-2
3/14/2019 0:45:00,Go,-2,-2,+3,-2,-2,-2,+1,-2,-2,-2,0,-2,-2,+1,-2,-2,0,-2,0,0,-2,0,0
3/14/2019 0:55:09,PHP,,,0,+3,,,,,,,,,,,,,,,,,,,
3/14/2019 1:01:25,Java,+1,-2,+3,-2,-2,0,0,0,-1,0,0,0,0,0,0,0,0,0,0,0,0,0,0
3/14/2019 1:01:32,Python,-1,-2,+1,-1,-2,-2,-2,-2,-2,-2,-2,-2,-2,-1,-1,+3,-2,-2,-2,-2,-2,-2,-2
3/14/2019 1:14:37,JavaScript,-2,-2,+3,+2,-2,-2,+2,-2,-2,0,-1,-2,-2,-2,-2,-2,-2,-2,-2,-2,-2,-2,-2
3/14/2019 1:18:14,Java,+2,-2,0,+1,-2,-2,0,-2,-2,0,0,-2,0,-2,-2,-2,-2,-2,-2,-2,-2,-2,-2
3/14/2019 1:21:44,PHP,,,,,,,,,,+3,,,,,,,,,,,,,
3/14/2019 1:28:37,PHP,-2,-2,+1,+1,-2,-2,+2,-2,-2,-2,-2,-2,+1,-2,-2,-2,-2,+2,-2,-2,-2,-2,-2
3/14/2019 1:43:00,PHP,-2,-2,+3,-2,-2,-2,-2,-2,-2,-1,-2,-2,-2,-2,-2,-2,-2,-2,-2,-2,-2,-2,-2
3/14/2019 5:23:07,PHP,-1,-2,+3,+1,-2,-2,0,-2,0,0,0,-1,0,0,0,0,0,0,0,0,0,0,0
3/14/2019 3:04:50,JavaScript,-2,-2,,,-1,-1,,-1,-1,-2,,,-1,-1,-1,-1,-1,-1,-1,-1,-1,-1,-1
3/14/2019 4:21:32,Python,,,+3,,,,,,,,,,,,,,,,,,,,
3/14/2019 5:22:58,C,-2,-2,-2,+3,-2,-2,-2,-2,-2,-2,-2,-2,-2,-2,-2,-2,-2,-2,-2,-2,-2,-2,-2
3/14/2019 5:24:22,C++,-2,-2,+3,-2,-2,-2,-2,-2,-2,-2,-2,-2,-2,-2,-2,-2,-2,-2,-2,-2,-2,-2,-2
3/14/2019 5:54:32,JavaScript,-2,-2,+1,+2,-2,-2,0,-2,0,0,-1,+2,+1,-1,-2,+3,0,+1,0,-1,0,-1,-1
3/14/2019 6:17:10,Ruby,-2,-2,+3,+1,-2,-2,+2,-2,-2,-1,-1,-1,-1,-2,-2,0,-2,-2,-2,-2,-2,-2,-2
3/14/2019 6:28:30,PHP,,,+2,+1,,,,,,,,,,,,,,,,,,,
3/14/2019 7:02:46,Delphi,-2,-2,+3,-2,-2,-2,-2,-2,-2,-1,-2,-2,-1,-2,-1,-2,-2,-2,-2,-2,-2,-2,-2
3/14/2019 7:14:23,Go,-2,-2,+3,-2,-2,-2,-2,-2,-2,-2,-2,-2,-2,+2,-2,-2,-2,-2,-2,-2,-2,-2,-2
3/14/2019 7:14:38,Python,-2,-2,-2,-2,-2,-2,-2,-2,-2,-2,-2,-2,-2,-2,-2,-2,,-2,-2,,-2,-2,
3/14/2019 7:17:50,Python,-1,-1,-1,0,-2,-1,-2,-2,-2,+3,-2,-2,-2,-2,-2,-2,-2,-2,-2,-2,-2,-2,-2
3/14/2019 7:17:54,Java,+3,,-1,,,,,,,,,,,,,,,,,,,,
3/14/2019 7:26:59,Python,+1,+3,-2,-2,-2,-2,-2,-2,-2,-2,-2,-2,-2,-2,-2,-2,-2,-2,-2,-2,-2,-2,-2
3/14/2019 7:28:35,C#,-2,-1,+3,+2,-2,-2,0,-2,-2,+1,+1,-2,-2,-2,-2,-1,-2,-1,-2,-2,-2,-2,-2
3/14/2019 7:35:37,Java,,,+3,,,,,,,,,,,,,,,,,,,,
3/14/2019 7:42:21,JavaScript,+3,-1,+1,-1,-2,-1,-2,-2,-2,-2,-2,-2,-2,-2,-2,-2,-2,-2,-2,-2,-2,-2,-2
3/14/2019 7:43:35,PHP,-2,-2,+3,+1,-2,-2,-1,-2,-2,+1,-1,+1,+2,+1,-2,+2,-1,-1,-1,-1,-2,-2,-2
3/14/2019 7:43:42,Java,+3,,,,,,,,,,,,,,,,,,,,,,
3/14/2019 7:49:36,"PowerPoint, Word and Excel",-2,-2,+3,-1,-2,-2,0,-2,-2,0,-2,-1,-1,-2,-2,-2,0,-1,-2,0,-2,0,0
3/14/2019 7:50:19,Java,+2,-2,-2,-1,-2,-2,-2,-2,-2,-2,-2,-2,-2,-2,-2,-2,-2,-2,-2,-2,-2,-2,-2
3/14/2019 8:06:34,Python,-2,0,-1,+2,-2,-1,-1,-2,-1,+2,-1,-1,-1,+1,-2,-1,-1,-1,-1,-1,-1,-1,-1
3/14/2019 8:11:06,Python,,,,+2,,,,,,,,,,,,,,,,,,,
3/14/2019 8:24:42,C++,+2,-2,+2,0,-2,+1,-2,-2,-2,-2,0,-2,+1,-2,-2,-2,-2,-2,-2,-2,-2,-2,-2
3/14/2019 8:24:31,Python,-2,-2,+3,-2,-2,-2,-2,-2,-2,-2,-2,-2,-2,-2,-2,-2,-2,-2,-2,-2,-2,-2,-2
3/14/2019 8:29:19,TypeScript,-2,-2,-2,-2,-2,-2,-2,-2,-2,-2,-2,-2,-2,-2,-2,+3,-2,-2,-2,-2,-2,-2,-2
3/14/2019 8:30:10,JavaScript,+1,-1,-2,+2,-1,-1,+2,-1,-1,0,-1,-1,0,-1,-1,-1,0,0,0,0,0,0,0
3/14/2019 8:33:02,C++,,,+2,,,,,,,,,,,,,,,,,,,,
3/14/2019 8:33:23,JavaScript,-2,-2,+3,-2,-2,-2,-2,-2,-2,-2,-2,-2,-2,-2,-2,-2,-2,-2,-2,-2,-2,-2,-2
3/14/2019 8:41:01,Java,-2,-2,-2,+2,-2,-2,-2,-2,-2,-2,-2,-2,-2,-2,-2,-2,-2,-2,-2,-2,-2,-2,-2
3/14/2019 8:43:41,C,,,,,,,,,,,,,,,,,,,,,,,
3/14/2019 8:48:34,Java,-2,-2,+3,-2,-2,-2,-2,-2,-2,-1,-2,-2,-2,-1,-2,-2,-2,-2,-1,-1,-2,-2,-2
3/14/2019 8:53:36,Python,-1,-2,+3,0,-2,-2,0,-2,-2,-2,-2,-2,-2,-2,-2,-2,-2,-2,-2,-2,-2,-2,-2
3/14/2019 8:53:43,Java,+3,-2,-1,-2,-2,-2,-2,-2,-2,-2,-2,-2,-2,-2,-2,-2,-2,-2,-2,-2,-2,-2,-2
3/14/2019 8:55:39,JavaScript,,,+3,,,,,,,,,,,,,,,,,,,,
3/14/2019 8:58:35,PHP,0,-1,+2,+1,-2,-1,0,-2,-2,+1,0,-1,0,0,-1,0,0,0,0,0,-1,0,0
3/14/2019 9:00:27,Java,0,0,+3,0,-2,,,-2,-2,,,,,,-2,,,,,,,,
3/14/2019 9:09:51,Java,-2,-2,+1,0,-2,-2,-1,-2,-2,+2,-1,-2,-1,-1,-1,-1,-1,-1,-1,-1,-2,-1,-1
3/14/2019 9:14:28,Python,-2,-2,+3,-2,-2,-2,-2,-2,-2,-2,-1,-2,-2,-2,-2,-2,-2,-2,-1,+2,-2,-2,-2
3/14/2019 9:18:02,C++,-2,0,+3,+2,-2,-2,0,-2,-2,+1,-2,+1,-1,-2,-2,0,-1,-1,-1,-1,-1,-1,-1
3/14/2019 9:21:57,PHP,+3,-2,-2,,,,,,,,,,,,,,,,,,,,
3/14/2019 9:26:12,Java,-2,-2,+3,0,0,+1,0,0,0,0,0,0,0,0,0,0,0,0,0,0,0,0,0
3/14/2019 9:29:50,Python,-1,-2,+3,-2,-2,-1,-2,-2,-2,0,-2,-2,-2,-2,-1,-2,-2,0,-2,0,-2,-2,0
3/14/2019 9:37:13,Go,0,-2,+1,0,-2,-2,,-2,,,,-2,,,,,,,,,-2,,
3/14/2019 9:41:33,Java,-2,-2,+1,-2,-2,-2,-2,-2,-2,+2,-2,-2,-2,-2,-2,-2,-2,-2,-2,-2,-2,-2,-2
3/14/2019 9:48:21,Java,-2,+1,+2,+2,-2,0,0,0,0,0,0,0,0,0,0,0,0,0,0,0,0,0,0
3/14/2019 9:49:30,C#,+3,-2,+1,+2,-2,-2,,-2,,,,-2,+1,,,,,,,,,,
3/14/2019 9:51:11,C#,-2,+2,+3,0,-2,-2,-2,-2,-2,+1,-1,-2,-2,-2,-2,-2,-2,-2,-2,-2,-2,-2,-2
3/14/2019 10:07:30,Java,+3,-2,,+3,,,+3,,,,-2,,,,,,,,,,,,
3/14/2019 10:12:35,JavaScript,,,+1,,,,,,,,,,,,,,,,,,,,
3/14/2019 10:15:42,JavaScript,-2,-2,-2,-2,-2,-2,-2,-2,-2,-2,-2,-2,-2,-2,-2,-2,-2,-2,-2,-2,-2,-2,-2
3/14/2019 10:22:31,Python,-2,-2,+3,-2,-2,-2,-1,-2,-2,-1,-2,-1,-2,-2,-2,-2,-2,0,-2,-2,-2,-2,-2
3/14/2019 10:25:19,PHP,+3,,,,,,,,,,,,,,,,,,,,,,
3/14/2019 10:26:39,Lua,+1,-2,+1,+3,-2,-2,-2,-2,-2,-2,-2,-2,-2,-2,-2,-2,-2,-2,-2,-2,-2,-2,-2
3/14/2019 10:30:03,PHP,-1,-2,+1,0,-2,-2,-2,-2,-2,-2,-2,-2,-2,-2,-2,-2,-2,0,-2,-2,-2,-2,-2
3/14/2019 10:40:07,PHP,-1,-2,+1,-1,-2,-1,,-2,,,,-1,0,-1,-1,,,0,,,,,
3/14/2019 10:43:19,C#,0,-2,+2,+2,-2,-2,-2,-2,-2,-2,-2,-2,-2,-2,-2,-2,-2,-2,-2,-2,-2,-2,-2
3/14/2019 10:43:55,Java,-1,-2,+3,0,-2,-2,-1,-2,-2,0,,-2,-2,-2,-2,-2,,,,,-1,,
3/14/2019 10:57:17,Java,-2,-2,+3,-2,-2,-2,-2,-2,-2,-2,-2,-2,-2,-2,-2,-2,-2,-2,-2,-2,-2,-2,-2
3/14/2019 11:03:57,TypeScript,-2,-2,-2,+3,-2,-2,,-2,-2,,-2,-2,,-2,-2,-2,,,-2,,-2,,-2
3/14/2019 11:08:37,JavaScript,0,-2,-2,0,-1,-2,-1,-1,-1,-1,-1,-1,-1,-1,-1,-1,-1,-1,-1,-1,-1,-1,-1
3/14/2019 11:17:03,Java,,,+3,,,,,,,,,,,,,,,,,,,,
3/14/2019 11:22:42,Python,+2,-2,+2,0,-2,-2,-2,-2,-2,-2,-2,-2,-2,-2,-2,-2,-2,-2,-2,-2,-2,-2,-2
3/14/2019 11:23:07,"Java, C++, Kotlin",-2,-2,+2,+2,-2,-2,-2,-2,-2,0,-2,-2,-2,-2,-2,-2,-2,0,-2,-2,-2,-2,-2
3/14/2019 11:28:13,JavaScript,-2,-2,+1,+1,0,-2,+2,0,+1,0,0,0,0,0,0,0,0,0,0,0,0,0,0
3/14/2019 11:33:49,C#,-2,-2,+3,-2,,-2,,-2,,,,,,-2,-2,+1,,,,,,,
3/14/2019 11:37:07,Java,-2,-2,+3,-2,-2,-2,-2,-2,-2,0,0,-2,-1,0,0,-1,0,0,0,0,-2,0,0
3/14/2019 11:43:35,PHP,,,+2,,,,,,,,,,,,,,,,,,,,
3/14/2019 11:43:53,Python,-1,-2,+2,+3,-2,-2,-2,-2,-2,0,-2,-2,-2,-2,-2,-2,0,-2,-2,-2,-2,-2,-2
3/14/2019 11:44:44,Java,+1,+2,-1,+1,-2,-2,-2,+2,0,-2,-2,+1,-2,-2,-2,+3,-2,-2,-2,-2,-2,-2,-2
3/14/2019 11:45:12,Java,+3,-2,+1,+2,-2,-1,,-2,,,,+1,,,,+1,,,,,,,
3/14/2019 11:51:12,JavaScript,-2,-2,+2,+2,-2,-2,,,,,,,,,,,,,,,,,
3/14/2019 11:55:26,Python,+2,-2,-1,-2,-2,-2,-2,-2,-2,-2,0,-1,-2,-2,-2,-2,-2,-2,-2,-2,-2,-2,-2
3/14/2019 11:59:31,Python,-2,-2,-2,-2,-2,-2,-2,-2,-2,-2,-2,-2,-2,-2,-2,-2,-2,-2,-2,-2,-2,-2,-2
3/14/2019 12:05:31,PHP,,,,,,,,,,,,,,,,,,,,,,,
3/14/2019 12:07:49,Java,-2,-2,-2,-2,-2,-2,-2,+1,-2,-2,-2,-2,-2,-2,-2,-2,-2,-2,-2,-2,-2,-2,-2
3/14/2019 12:09:55,JavaScript,0,-2,+2,+2,-2,-1,0,-2,-2,+1,-2,-2,-2,-1,-2,+1,0,0,-2,0,0,-2,0
3/14/2019 12:11:26,Python,+3,-2,-2,-2,-2,-2,-2,-2,-2,-2,-2,-2,-2,-2,-2,-2,-2,-2,-2,-2,-2,-2,-2
3/14/2019 12:13:48,PHP,-2,-2,+3,0,-2,-2,+3,-2,-2,-2,-2,-2,-2,-2,-2,-2,-2,-2,-2,-2,-2,-2,-2
3/14/2019 12:14:45,C#,+1,0,+3,+2,-2,-1,,-2,-2,+2,,,,,,,,,,,,,
3/14/2019 12:16:17,PHP,,,+3,,,,,,,,,,,,,,,,,,,,
3/14/2019 12:20:18,C#,+1,-2,0,-1,-2,-2,-2,-2,-2,0,-2,-2,-2,-2,-2,-2,-2,-2,0,-2,-2,-2,-2
3/14/2019 12:30:29,Java,-1,0,+3,0,,,,,,,,,,,,,,,,,,,
3/14/2019 12:31:57,C++,-2,-2,+3,-2,-2,-2,0,-2,-2,0,0,-2,-2,-2,-2,+1,0,0,0,0,0,0,0
3/14/2019 12:37:22,PHP,+1,-2,+3,0,-2,-2,0,-2,-2,-2,-2,+1,-2,0,-2,0,-2,-2,-2,-2,-2,-2,0
3/14/2019 12:40:25,Java,0,-2,+2,-1,-1,-1,0,-1,-1,+1,-1,-1,-1,-1,-1,-1,-1,-1,-1,-1,,-1,-1
3/14/2019 12:42:40,C#,-2,-2,+2,-1,-1,-2,-1,-1,-1,-1,-1,-1,-1,-1,-1,-1,-1,-1,-1,-1,-1,-1,-1
3/14/2019 12:43:35,Java,,,+3,,,,,,,,,,,,,,,,,,,,
3/14/2019 12:45:03,JavaScript,-2,-2,+3,+1,-1,-2,+1,-1,-2,-2,-2,-1,-2,-2,-1,0,0,+2,0,0,-2,0,0
3/14/2019 12:45:48,Python,-1,-2,-2,+1,-2,-2,0,-2,-2,0,-2,-2,-2,,-2,-2,-2,-2,-2,-2,-2,-2,-2
3/14/2019 12:49:52,Java,-2,+3,-2,-2,-2,-2,-2,-2,-2,-2,-2,-2,-2,-2,-2,-2,-2,-2,-2,-2,-2,-2,-2
3/14/2019 12:52:11,PHP,-2,-2,+3,-1,-2,-2,-2,-2,-2,+1,-2,-2,-2,-2,-2,-2,-2,0,-2,-2,-2,-2,-2
3/14/2019 13:01:55,C#,0,-2,+1,-2,-1,-2,-2,-2,-2,-2,0,-2,-2,-1,-2,-2,-2,-2,-2,-2,-2,-2,-2
3/14/2019 13:07:12,C#,+3,-1,-2,+1,-2,-2,-1,-2,-2,-2,-2,-2,-2,-2,-2,-2,-2,-2,-2,-2,-2,-2,-2
3/14/2019 13:13:37,C++,-2,-2,-2,-2,-2,-2,-2,-2,-2,-2,-2,-2,-2,-2,-2,-2,-2,-2,-2,-2,-2,-2,-2
3/14/2019 13:22:13,Java,+2,,-2,,,,,,,,,,,,,,,,,,,,
3/14/2019 13:25:04,Ruby,+1,+1,-2,+1,-2,0,0,+1,0,+1,0,+1,+1,-2,-1,0,0,0,0,0,0,0,0
3/14/2019 13:25:23,C#,,,+3,,,,,,,,,,,,,,,,,,,,
3/14/2019 13:25:51,C,+1,-1,-1,+1,-2,-2,+2,-1,0,0,0,-1,0,0,0,0,0,0,0,0,0,0,0
3/14/2019 13:26:34,C#,,,+2,,,,,,,,,,,,,,,,,,,,
3/14/2019 13:27:36,Kotlin,-2,-2,+3,-2,-2,-2,-2,-2,-2,0,-2,-2,-2,-1,-2,-1,-2,-1,-2,-1,-1,-1,-2
3/14/2019 13:28:09,Python,+3,-2,-2,,,-2,,,,,,,,,,,,,,,,,
3/14/2019 13:29:48,C#,+3,-1,0,,,,+2,,,,,,,,,,,,,,,,
3/14/2019 13:31:56,PHP,+2,,+3,,,,,,,,,,,,,,,,,,,,